"Gemeindenummer","Gemeindename","Regionales Innovationssystem"
21,"Adlikon","RIS Ostschweiz"
22,"Benken (ZH)","RIS Ostschweiz"
23,"Berg am Irchel","RIS Ostschweiz"
24,"Buch am Irchel","RIS Ostschweiz"
25,"Dachsen","RIS Ostschweiz"
26,"Dorf","RIS Ostschweiz"
27,"Feuerthalen","RIS Ostschweiz"
28,"Flaach","RIS Ostschweiz"
29,"Flurlingen","RIS Ostschweiz"
30,"Andelfingen","RIS Ostschweiz"
31,"Henggart","RIS Ostschweiz"
32,"Humlikon","RIS Ostschweiz"
33,"Kleinandelfingen","RIS Ostschweiz"
34,"Laufen-Uhwiesen","RIS Ostschweiz"
35,"Marthalen","RIS Ostschweiz"
37,"Ossingen","RIS Ostschweiz"
38,"Rheinau","RIS Ostschweiz"
39,"Thalheim an der Thur","RIS Ostschweiz"
40,"Trüllikon","RIS Ostschweiz"
41,"Truttikon","RIS Ostschweiz"
43,"Volken","RIS Ostschweiz"
111,"Bäretswil","RIS Ostschweiz"
114,"Fischenthal","RIS Ostschweiz"
117,"Hinwil","RIS Ostschweiz"
120,"Wald (ZH)","RIS Ostschweiz"
181,"Wila","RIS Ostschweiz"
182,"Wildberg","RIS Ostschweiz"
226,"Schlatt (ZH)","RIS Ostschweiz"
228,"Turbenthal","RIS Ostschweiz"
294,"Elgg","RIS Ostschweiz"
297,"Bauma","RIS Ostschweiz"
301,"Aarberg","RIS Suisse occidentale"
301,"Aarberg","RIS Mittelland"
302,"Bargen (BE)","RIS Suisse occidentale"
302,"Bargen (BE)","RIS Mittelland"
303,"Grossaffoltern","RIS Suisse occidentale"
303,"Grossaffoltern","RIS Mittelland"
304,"Kallnach","RIS Suisse occidentale"
304,"Kallnach","RIS Mittelland"
305,"Kappelen","RIS Suisse occidentale"
305,"Kappelen","RIS Mittelland"
306,"Lyss","RIS Suisse occidentale"
306,"Lyss","RIS Mittelland"
307,"Meikirch","RIS Mittelland"
309,"Radelfingen","RIS Suisse occidentale"
309,"Radelfingen","RIS Mittelland"
310,"Rapperswil (BE)","RIS Suisse occidentale"
310,"Rapperswil (BE)","RIS Mittelland"
311,"Schüpfen","RIS Suisse occidentale"
311,"Schüpfen","RIS Mittelland"
312,"Seedorf (BE)","RIS Suisse occidentale"
312,"Seedorf (BE)","RIS Mittelland"
321,"Aarwangen","RIS Mittelland"
322,"Auswil","RIS Mittelland"
323,"Bannwil","RIS Mittelland"
324,"Bleienbach","RIS Mittelland"
325,"Busswil bei Melchnau","RIS Mittelland"
326,"Gondiswil","RIS Mittelland"
329,"Langenthal","RIS Mittelland"
331,"Lotzwil","RIS Mittelland"
332,"Madiswil","RIS Mittelland"
333,"Melchnau","RIS Mittelland"
335,"Oeschenbach","RIS Mittelland"
336,"Reisiswil","RIS Mittelland"
337,"Roggwil (BE)","RIS Mittelland"
338,"Rohrbach","RIS Mittelland"
339,"Rohrbachgraben","RIS Mittelland"
340,"Rütschelen","RIS Mittelland"
341,"Schwarzhäusern","RIS Mittelland"
342,"Thunstetten","RIS Mittelland"
344,"Ursenbach","RIS Mittelland"
345,"Wynau","RIS Mittelland"
351,"Bern","RIS Mittelland"
352,"Bolligen","RIS Mittelland"
353,"Bremgarten bei Bern","RIS Mittelland"
354,"Kirchlindach","RIS Mittelland"
355,"Köniz","RIS Mittelland"
356,"Muri bei Bern","RIS Mittelland"
357,"Oberbalm","RIS Mittelland"
358,"Stettlen","RIS Mittelland"
359,"Vechigen","RIS Mittelland"
360,"Wohlen bei Bern","RIS Mittelland"
361,"Zollikofen","RIS Mittelland"
362,"Ittigen","RIS Mittelland"
363,"Ostermundigen","RIS Mittelland"
371,"Biel/Bienne","RIS Suisse occidentale"
371,"Biel/Bienne","RIS Mittelland"
372,"Evilard","RIS Suisse occidentale"
372,"Evilard","RIS Mittelland"
381,"Arch","RIS Suisse occidentale"
381,"Arch","RIS Mittelland"
382,"Büetigen","RIS Suisse occidentale"
382,"Büetigen","RIS Mittelland"
383,"Büren an der Aare","RIS Suisse occidentale"
383,"Büren an der Aare","RIS Mittelland"
385,"Diessbach bei Büren","RIS Suisse occidentale"
385,"Diessbach bei Büren","RIS Mittelland"
386,"Dotzigen","RIS Suisse occidentale"
386,"Dotzigen","RIS Mittelland"
387,"Lengnau (BE)","RIS Suisse occidentale"
387,"Lengnau (BE)","RIS Mittelland"
388,"Leuzigen","RIS Suisse occidentale"
388,"Leuzigen","RIS Mittelland"
389,"Meienried","RIS Suisse occidentale"
389,"Meienried","RIS Mittelland"
390,"Meinisberg","RIS Suisse occidentale"
390,"Meinisberg","RIS Mittelland"
391,"Oberwil bei Büren","RIS Suisse occidentale"
391,"Oberwil bei Büren","RIS Mittelland"
392,"Pieterlen","RIS Suisse occidentale"
392,"Pieterlen","RIS Mittelland"
393,"Rüti bei Büren","RIS Suisse occidentale"
393,"Rüti bei Büren","RIS Mittelland"
394,"Wengi","RIS Suisse occidentale"
394,"Wengi","RIS Mittelland"
401,"Aefligen","RIS Mittelland"
402,"Alchenstorf","RIS Mittelland"
403,"Bäriswil","RIS Mittelland"
404,"Burgdorf","RIS Mittelland"
405,"Ersigen","RIS Mittelland"
406,"Hasle bei Burgdorf","RIS Mittelland"
407,"Heimiswil","RIS Mittelland"
408,"Hellsau","RIS Mittelland"
409,"Hindelbank","RIS Mittelland"
410,"Höchstetten","RIS Mittelland"
411,"Kernenried","RIS Mittelland"
412,"Kirchberg (BE)","RIS Mittelland"
413,"Koppigen","RIS Mittelland"
414,"Krauchthal","RIS Mittelland"
415,"Lyssach","RIS Mittelland"
418,"Oberburg","RIS Mittelland"
420,"Rüdtligen-Alchenflüh","RIS Mittelland"
421,"Rumendingen","RIS Mittelland"
422,"Rüti bei Lyssach","RIS Mittelland"
423,"Willadingen","RIS Mittelland"
424,"Wynigen","RIS Mittelland"
431,"Corgémont","RIS Suisse occidentale"
431,"Corgémont","RIS Mittelland"
432,"Cormoret","RIS Suisse occidentale"
432,"Cormoret","RIS Mittelland"
433,"Cortébert","RIS Suisse occidentale"
433,"Cortébert","RIS Mittelland"
434,"Courtelary","RIS Suisse occidentale"
434,"Courtelary","RIS Mittelland"
435,"La Ferrière","RIS Suisse occidentale"
435,"La Ferrière","RIS Mittelland"
437,"Mont-Tramelan","RIS Suisse occidentale"
437,"Mont-Tramelan","RIS Mittelland"
438,"Orvin","RIS Suisse occidentale"
438,"Orvin","RIS Mittelland"
441,"Renan (BE)","RIS Suisse occidentale"
441,"Renan (BE)","RIS Mittelland"
442,"Romont (BE)","RIS Suisse occidentale"
442,"Romont (BE)","RIS Mittelland"
443,"Saint-Imier","RIS Suisse occidentale"
443,"Saint-Imier","RIS Mittelland"
444,"Sonceboz-Sombeval","RIS Suisse occidentale"
444,"Sonceboz-Sombeval","RIS Mittelland"
445,"Sonvilier","RIS Suisse occidentale"
445,"Sonvilier","RIS Mittelland"
446,"Tramelan","RIS Suisse occidentale"
446,"Tramelan","RIS Mittelland"
448,"Villeret","RIS Suisse occidentale"
448,"Villeret","RIS Mittelland"
449,"Sauge","RIS Suisse occidentale"
449,"Sauge","RIS Mittelland"
450,"Péry-La Heutte","RIS Suisse occidentale"
450,"Péry-La Heutte","RIS Mittelland"
491,"Brüttelen","RIS Suisse occidentale"
491,"Brüttelen","RIS Mittelland"
492,"Erlach","RIS Suisse occidentale"
492,"Erlach","RIS Mittelland"
493,"Finsterhennen","RIS Suisse occidentale"
493,"Finsterhennen","RIS Mittelland"
494,"Gals","RIS Suisse occidentale"
494,"Gals","RIS Mittelland"
495,"Gampelen","RIS Suisse occidentale"
495,"Gampelen","RIS Mittelland"
496,"Ins","RIS Suisse occidentale"
496,"Ins","RIS Mittelland"
497,"Lüscherz","RIS Suisse occidentale"
497,"Lüscherz","RIS Mittelland"
498,"Müntschemier","RIS Suisse occidentale"
498,"Müntschemier","RIS Mittelland"
499,"Siselen","RIS Suisse occidentale"
499,"Siselen","RIS Mittelland"
500,"Treiten","RIS Suisse occidentale"
500,"Treiten","RIS Mittelland"
501,"Tschugg","RIS Suisse occidentale"
501,"Tschugg","RIS Mittelland"
502,"Vinelz","RIS Suisse occidentale"
502,"Vinelz","RIS Mittelland"
533,"Bätterkinden","RIS Mittelland"
535,"Deisswil bei Münchenbuchsee","RIS Mittelland"
536,"Diemerswil","RIS Mittelland"
538,"Fraubrunnen","RIS Mittelland"
540,"Jegenstorf","RIS Mittelland"
541,"Iffwil","RIS Mittelland"
543,"Mattstetten","RIS Mittelland"
544,"Moosseedorf","RIS Mittelland"
546,"Münchenbuchsee","RIS Mittelland"
551,"Urtenen-Schönbühl","RIS Mittelland"
552,"Utzenstorf","RIS Mittelland"
553,"Wiggiswil","RIS Mittelland"
554,"Wiler bei Utzenstorf","RIS Mittelland"
556,"Zielebach","RIS Mittelland"
557,"Zuzwil (BE)","RIS Mittelland"
561,"Adelboden","RIS Mittelland"
562,"Aeschi bei Spiez","RIS Mittelland"
563,"Frutigen","RIS Mittelland"
564,"Kandergrund","RIS Mittelland"
565,"Kandersteg","RIS Mittelland"
566,"Krattigen","RIS Mittelland"
567,"Reichenbach im Kandertal","RIS Mittelland"
571,"Beatenberg","RIS Mittelland"
572,"Bönigen","RIS Mittelland"
573,"Brienz (BE)","RIS Mittelland"
574,"Brienzwiler","RIS Mittelland"
575,"Därligen","RIS Mittelland"
576,"Grindelwald","RIS Mittelland"
577,"Gsteigwiler","RIS Mittelland"
578,"Gündlischwand","RIS Mittelland"
579,"Habkern","RIS Mittelland"
580,"Hofstetten bei Brienz","RIS Mittelland"
581,"Interlaken","RIS Mittelland"
582,"Iseltwald","RIS Mittelland"
584,"Lauterbrunnen","RIS Mittelland"
585,"Leissigen","RIS Mittelland"
586,"Lütschental","RIS Mittelland"
587,"Matten bei Interlaken","RIS Mittelland"
588,"Niederried bei Interlaken","RIS Mittelland"
589,"Oberried am Brienzersee","RIS Mittelland"
590,"Ringgenberg (BE)","RIS Mittelland"
591,"Saxeten","RIS Mittelland"
592,"Schwanden bei Brienz","RIS Mittelland"
593,"Unterseen","RIS Mittelland"
594,"Wilderswil","RIS Mittelland"
602,"Arni (BE)","RIS Mittelland"
603,"Biglen","RIS Mittelland"
605,"Bowil","RIS Mittelland"
606,"Brenzikofen","RIS Mittelland"
607,"Freimettigen","RIS Mittelland"
608,"Grosshöchstetten","RIS Mittelland"
609,"Häutligen","RIS Mittelland"
610,"Herbligen","RIS Mittelland"
611,"Kiesen","RIS Mittelland"
612,"Konolfingen","RIS Mittelland"
613,"Landiswil","RIS Mittelland"
614,"Linden","RIS Mittelland"
615,"Mirchel","RIS Mittelland"
616,"Münsingen","RIS Mittelland"
617,"Niederhünigen","RIS Mittelland"
619,"Oberdiessbach","RIS Mittelland"
620,"Oberthal","RIS Mittelland"
622,"Oppligen","RIS Mittelland"
623,"Rubigen","RIS Mittelland"
626,"Walkringen","RIS Mittelland"
627,"Worb","RIS Mittelland"
628,"Zäziwil","RIS Mittelland"
629,"Oberhünigen","RIS Mittelland"
630,"Allmendingen","RIS Mittelland"
632,"Wichtrach","RIS Mittelland"
662,"Ferenbalm","RIS Mittelland"
663,"Frauenkappelen","RIS Mittelland"
665,"Gurbrü","RIS Mittelland"
666,"Kriechenwil","RIS Mittelland"
667,"Laupen","RIS Mittelland"
668,"Mühleberg","RIS Mittelland"
669,"Münchenwiler","RIS Mittelland"
670,"Neuenegg","RIS Mittelland"
671,"Wileroltigen","RIS Mittelland"
681,"Belprahon","RIS Suisse occidentale"
681,"Belprahon","RIS Mittelland"
683,"Champoz","RIS Suisse occidentale"
683,"Champoz","RIS Mittelland"
687,"Corcelles (BE)","RIS Suisse occidentale"
687,"Corcelles (BE)","RIS Mittelland"
690,"Court","RIS Suisse occidentale"
690,"Court","RIS Mittelland"
691,"Crémines","RIS Suisse occidentale"
691,"Crémines","RIS Mittelland"
692,"Eschert","RIS Suisse occidentale"
692,"Eschert","RIS Mittelland"
694,"Grandval","RIS Suisse occidentale"
694,"Grandval","RIS Mittelland"
696,"Loveresse","RIS Suisse occidentale"
696,"Loveresse","RIS Mittelland"
700,"Moutier","RIS Suisse occidentale"
700,"Moutier","RIS Mittelland"
701,"Perrefitte","RIS Suisse occidentale"
701,"Perrefitte","RIS Mittelland"
703,"Reconvilier","RIS Suisse occidentale"
703,"Reconvilier","RIS Mittelland"
704,"Roches (BE)","RIS Suisse occidentale"
704,"Roches (BE)","RIS Mittelland"
706,"Saicourt","RIS Suisse occidentale"
706,"Saicourt","RIS Mittelland"
707,"Saules (BE)","RIS Suisse occidentale"
707,"Saules (BE)","RIS Mittelland"
708,"Schelten","RIS Suisse occidentale"
708,"Schelten","RIS Mittelland"
709,"Seehof","RIS Suisse occidentale"
709,"Seehof","RIS Mittelland"
711,"Sorvilier","RIS Suisse occidentale"
711,"Sorvilier","RIS Mittelland"
713,"Tavannes","RIS Suisse occidentale"
713,"Tavannes","RIS Mittelland"
715,"Rebévelier","RIS Suisse occidentale"
715,"Rebévelier","RIS Mittelland"
716,"Petit-Val","RIS Suisse occidentale"
716,"Petit-Val","RIS Mittelland"
717,"Valbirse","RIS Suisse occidentale"
717,"Valbirse","RIS Mittelland"
723,"La Neuveville","RIS Suisse occidentale"
723,"La Neuveville","RIS Mittelland"
724,"Nods","RIS Suisse occidentale"
724,"Nods","RIS Mittelland"
726,"Plateau de Diesse","RIS Suisse occidentale"
726,"Plateau de Diesse","RIS Mittelland"
731,"Aegerten","RIS Suisse occidentale"
731,"Aegerten","RIS Mittelland"
732,"Bellmund","RIS Suisse occidentale"
732,"Bellmund","RIS Mittelland"
733,"Brügg","RIS Suisse occidentale"
733,"Brügg","RIS Mittelland"
734,"Bühl","RIS Suisse occidentale"
734,"Bühl","RIS Mittelland"
735,"Epsach","RIS Suisse occidentale"
735,"Epsach","RIS Mittelland"
736,"Hagneck","RIS Suisse occidentale"
736,"Hagneck","RIS Mittelland"
737,"Hermrigen","RIS Suisse occidentale"
737,"Hermrigen","RIS Mittelland"
738,"Jens","RIS Suisse occidentale"
738,"Jens","RIS Mittelland"
739,"Ipsach","RIS Suisse occidentale"
739,"Ipsach","RIS Mittelland"
740,"Ligerz","RIS Suisse occidentale"
740,"Ligerz","RIS Mittelland"
741,"Merzligen","RIS Suisse occidentale"
741,"Merzligen","RIS Mittelland"
742,"Mörigen","RIS Suisse occidentale"
742,"Mörigen","RIS Mittelland"
743,"Nidau","RIS Suisse occidentale"
743,"Nidau","RIS Mittelland"
744,"Orpund","RIS Suisse occidentale"
744,"Orpund","RIS Mittelland"
745,"Port","RIS Suisse occidentale"
745,"Port","RIS Mittelland"
746,"Safnern","RIS Suisse occidentale"
746,"Safnern","RIS Mittelland"
747,"Scheuren","RIS Suisse occidentale"
747,"Scheuren","RIS Mittelland"
748,"Schwadernau","RIS Suisse occidentale"
748,"Schwadernau","RIS Mittelland"
749,"Studen (BE)","RIS Suisse occidentale"
749,"Studen (BE)","RIS Mittelland"
750,"Sutz-Lattrigen","RIS Suisse occidentale"
750,"Sutz-Lattrigen","RIS Mittelland"
751,"Täuffelen","RIS Suisse occidentale"
751,"Täuffelen","RIS Mittelland"
754,"Walperswil","RIS Suisse occidentale"
754,"Walperswil","RIS Mittelland"
755,"Worben","RIS Suisse occidentale"
755,"Worben","RIS Mittelland"
756,"Twann-Tüscherz","RIS Suisse occidentale"
756,"Twann-Tüscherz","RIS Mittelland"
761,"Därstetten","RIS Mittelland"
762,"Diemtigen","RIS Mittelland"
763,"Erlenbach im Simmental","RIS Mittelland"
766,"Oberwil im Simmental","RIS Mittelland"
767,"Reutigen","RIS Mittelland"
768,"Spiez","RIS Mittelland"
769,"Wimmis","RIS Mittelland"
770,"Stocken-Höfen","RIS Mittelland"
782,"Guttannen","RIS Mittelland"
783,"Hasliberg","RIS Mittelland"
784,"Innertkirchen","RIS Mittelland"
785,"Meiringen","RIS Mittelland"
786,"Schattenhalb","RIS Mittelland"
791,"Boltigen","RIS Mittelland"
792,"Lenk","RIS Mittelland"
793,"St. Stephan","RIS Mittelland"
794,"Zweisimmen","RIS Mittelland"
841,"Gsteig","RIS Mittelland"
842,"Lauenen","RIS Mittelland"
843,"Saanen","RIS Mittelland"
852,"Guggisberg","RIS Mittelland"
853,"Rüschegg","RIS Mittelland"
855,"Schwarzenburg","RIS Mittelland"
861,"Belp","RIS Mittelland"
863,"Burgistein","RIS Mittelland"
866,"Gerzensee","RIS Mittelland"
867,"Gurzelen","RIS Mittelland"
868,"Jaberg","RIS Mittelland"
869,"Kaufdorf","RIS Mittelland"
870,"Kehrsatz","RIS Mittelland"
872,"Kirchdorf (BE)","RIS Mittelland"
877,"Niedermuhlern","RIS Mittelland"
879,"Riggisberg","RIS Mittelland"
880,"Rüeggisberg","RIS Mittelland"
883,"Seftigen","RIS Mittelland"
884,"Toffen","RIS Mittelland"
885,"Uttigen","RIS Mittelland"
886,"Wattenwil","RIS Mittelland"
888,"Wald (BE)","RIS Mittelland"
889,"Thurnen","RIS Mittelland"
901,"Eggiwil","RIS Mittelland"
902,"Langnau im Emmental","RIS Mittelland"
903,"Lauperswil","RIS Mittelland"
904,"Röthenbach im Emmental","RIS Mittelland"
905,"Rüderswil","RIS Mittelland"
906,"Schangnau","RIS Mittelland"
907,"Signau","RIS Mittelland"
908,"Trub","RIS Mittelland"
909,"Trubschachen","RIS Mittelland"
921,"Amsoldingen","RIS Mittelland"
922,"Blumenstein","RIS Mittelland"
923,"Buchholterberg","RIS Mittelland"
924,"Eriz","RIS Mittelland"
925,"Fahrni","RIS Mittelland"
927,"Heiligenschwendi","RIS Mittelland"
928,"Heimberg","RIS Mittelland"
929,"Hilterfingen","RIS Mittelland"
931,"Homberg","RIS Mittelland"
932,"Horrenbach-Buchen","RIS Mittelland"
934,"Oberhofen am Thunersee","RIS Mittelland"
935,"Oberlangenegg","RIS Mittelland"
936,"Pohlern","RIS Mittelland"
938,"Sigriswil","RIS Mittelland"
939,"Steffisburg","RIS Mittelland"
940,"Teuffenthal (BE)","RIS Mittelland"
941,"Thierachern","RIS Mittelland"
942,"Thun","RIS Mittelland"
943,"Uebeschi","RIS Mittelland"
944,"Uetendorf","RIS Mittelland"
945,"Unterlangenegg","RIS Mittelland"
946,"Wachseldorn","RIS Mittelland"
947,"Zwieselberg","RIS Mittelland"
948,"Forst-Längenbühl","RIS Mittelland"
951,"Affoltern im Emmental","RIS Mittelland"
952,"Dürrenroth","RIS Mittelland"
953,"Eriswil","RIS Mittelland"
954,"Huttwil","RIS Mittelland"
955,"Lützelflüh","RIS Mittelland"
956,"Rüegsau","RIS Mittelland"
957,"Sumiswald","RIS Mittelland"
958,"Trachselwald","RIS Mittelland"
959,"Walterswil (BE)","RIS Mittelland"
960,"Wyssachen","RIS Mittelland"
971,"Attiswil","RIS Mittelland"
972,"Berken","RIS Mittelland"
973,"Bettenhausen","RIS Mittelland"
975,"Farnern","RIS Mittelland"
976,"Graben","RIS Mittelland"
977,"Heimenhausen","RIS Mittelland"
979,"Herzogenbuchsee","RIS Mittelland"
980,"Inkwil","RIS Mittelland"
981,"Niederbipp","RIS Mittelland"
982,"Niederönz","RIS Mittelland"
983,"Oberbipp","RIS Mittelland"
985,"Ochlenberg","RIS Mittelland"
987,"Rumisberg","RIS Mittelland"
988,"Seeberg","RIS Mittelland"
989,"Thörigen","RIS Mittelland"
990,"Walliswil bei Niederbipp","RIS Mittelland"
991,"Walliswil bei Wangen","RIS Mittelland"
992,"Wangen an der Aare","RIS Mittelland"
993,"Wangenried","RIS Mittelland"
995,"Wiedlisbach","RIS Mittelland"
1001,"Doppleschwand","RIS Zentralschweiz"
1002,"Entlebuch","RIS Zentralschweiz"
1004,"Flühli","RIS Zentralschweiz"
1005,"Hasle (LU)","RIS Zentralschweiz"
1007,"Romoos","RIS Zentralschweiz"
1008,"Schüpfheim","RIS Zentralschweiz"
1009,"Werthenstein","RIS Zentralschweiz"
1010,"Escholzmatt-Marbach","RIS Zentralschweiz"
1021,"Aesch (LU)","RIS Zentralschweiz"
1023,"Ballwil","RIS Zentralschweiz"
1024,"Emmen","RIS Zentralschweiz"
1025,"Ermensee","RIS Zentralschweiz"
1026,"Eschenbach (LU)","RIS Zentralschweiz"
1030,"Hitzkirch","RIS Zentralschweiz"
1031,"Hochdorf","RIS Zentralschweiz"
1032,"Hohenrain","RIS Zentralschweiz"
1033,"Inwil","RIS Zentralschweiz"
1037,"Rain","RIS Zentralschweiz"
1039,"Römerswil","RIS Zentralschweiz"
1040,"Rothenburg","RIS Zentralschweiz"
1041,"Schongau","RIS Zentralschweiz"
1051,"Adligenswil","RIS Zentralschweiz"
1052,"Buchrain","RIS Zentralschweiz"
1053,"Dierikon","RIS Zentralschweiz"
1054,"Ebikon","RIS Zentralschweiz"
1055,"Gisikon","RIS Zentralschweiz"
1056,"Greppen","RIS Zentralschweiz"
1057,"Honau","RIS Zentralschweiz"
1058,"Horw","RIS Zentralschweiz"
1059,"Kriens","RIS Zentralschweiz"
1061,"Luzern","RIS Zentralschweiz"
1062,"Malters","RIS Zentralschweiz"
1063,"Meggen","RIS Zentralschweiz"
1064,"Meierskappel","RIS Zentralschweiz"
1065,"Root","RIS Zentralschweiz"
1066,"Schwarzenberg","RIS Zentralschweiz"
1067,"Udligenswil","RIS Zentralschweiz"
1068,"Vitznau","RIS Zentralschweiz"
1069,"Weggis","RIS Zentralschweiz"
1081,"Beromünster","RIS Zentralschweiz"
1082,"Büron","RIS Zentralschweiz"
1083,"Buttisholz","RIS Zentralschweiz"
1084,"Eich","RIS Zentralschweiz"
1085,"Geuensee","RIS Zentralschweiz"
1086,"Grosswangen","RIS Zentralschweiz"
1088,"Hildisrieden","RIS Zentralschweiz"
1089,"Knutwil","RIS Zentralschweiz"
1091,"Mauensee","RIS Zentralschweiz"
1093,"Neuenkirch","RIS Zentralschweiz"
1094,"Nottwil","RIS Zentralschweiz"
1095,"Oberkirch","RIS Zentralschweiz"
1097,"Rickenbach (LU)","RIS Zentralschweiz"
1098,"Ruswil","RIS Zentralschweiz"
1099,"Schenkon","RIS Zentralschweiz"
1100,"Schlierbach","RIS Zentralschweiz"
1102,"Sempach","RIS Zentralschweiz"
1103,"Sursee","RIS Zentralschweiz"
1104,"Triengen","RIS Zentralschweiz"
1107,"Wolhusen","RIS Zentralschweiz"
1121,"Alberswil","RIS Zentralschweiz"
1122,"Altbüron","RIS Zentralschweiz"
1123,"Altishofen","RIS Zentralschweiz"
1125,"Dagmersellen","RIS Zentralschweiz"
1127,"Egolzwil","RIS Zentralschweiz"
1128,"Ettiswil","RIS Zentralschweiz"
1129,"Fischbach","RIS Zentralschweiz"
1131,"Grossdietwil","RIS Zentralschweiz"
1132,"Hergiswil bei Willisau","RIS Zentralschweiz"
1135,"Luthern","RIS Zentralschweiz"
1136,"Menznau","RIS Zentralschweiz"
1137,"Nebikon","RIS Zentralschweiz"
1139,"Pfaffnau","RIS Zentralschweiz"
1140,"Reiden","RIS Zentralschweiz"
1142,"Roggliswil","RIS Zentralschweiz"
1143,"Schötz","RIS Zentralschweiz"
1145,"Ufhusen","RIS Zentralschweiz"
1146,"Wauwil","RIS Zentralschweiz"
1147,"Wikon","RIS Zentralschweiz"
1150,"Zell (LU)","RIS Zentralschweiz"
1151,"Willisau","RIS Zentralschweiz"
1201,"Altdorf (UR)","RIS Zentralschweiz"
1202,"Andermatt","RIS Zentralschweiz"
1203,"Attinghausen","RIS Zentralschweiz"
1205,"Bürglen (UR)","RIS Zentralschweiz"
1206,"Erstfeld","RIS Zentralschweiz"
1207,"Flüelen","RIS Zentralschweiz"
1208,"Göschenen","RIS Zentralschweiz"
1209,"Gurtnellen","RIS Zentralschweiz"
1210,"Hospental","RIS Zentralschweiz"
1211,"Isenthal","RIS Zentralschweiz"
1212,"Realp","RIS Zentralschweiz"
1213,"Schattdorf","RIS Zentralschweiz"
1214,"Seedorf (UR)","RIS Zentralschweiz"
1215,"Seelisberg","RIS Zentralschweiz"
1216,"Silenen","RIS Zentralschweiz"
1217,"Sisikon","RIS Zentralschweiz"
1218,"Spiringen","RIS Zentralschweiz"
1219,"Unterschächen","RIS Zentralschweiz"
1220,"Wassen","RIS Zentralschweiz"
1301,"Einsiedeln","RIS Zentralschweiz"
1311,"Gersau","RIS Zentralschweiz"
1321,"Feusisberg","RIS Zentralschweiz"
1322,"Freienbach","RIS Zentralschweiz"
1323,"Wollerau","RIS Zentralschweiz"
1331,"Küssnacht (SZ)","RIS Zentralschweiz"
1341,"Altendorf","RIS Zentralschweiz"
1342,"Galgenen","RIS Zentralschweiz"
1343,"Innerthal","RIS Zentralschweiz"
1344,"Lachen","RIS Zentralschweiz"
1345,"Reichenburg","RIS Zentralschweiz"
1346,"Schübelbach","RIS Zentralschweiz"
1347,"Tuggen","RIS Zentralschweiz"
1348,"Vorderthal","RIS Zentralschweiz"
1349,"Wangen (SZ)","RIS Zentralschweiz"
1361,"Alpthal","RIS Zentralschweiz"
1362,"Arth","RIS Zentralschweiz"
1363,"Illgau","RIS Zentralschweiz"
1364,"Ingenbohl","RIS Zentralschweiz"
1365,"Lauerz","RIS Zentralschweiz"
1366,"Morschach","RIS Zentralschweiz"
1367,"Muotathal","RIS Zentralschweiz"
1368,"Oberiberg","RIS Zentralschweiz"
1369,"Riemenstalden","RIS Zentralschweiz"
1370,"Rothenthurm","RIS Zentralschweiz"
1371,"Sattel","RIS Zentralschweiz"
1372,"Schwyz","RIS Zentralschweiz"
1373,"Steinen","RIS Zentralschweiz"
1374,"Steinerberg","RIS Zentralschweiz"
1375,"Unteriberg","RIS Zentralschweiz"
1401,"Alpnach","RIS Zentralschweiz"
1402,"Engelberg","RIS Zentralschweiz"
1403,"Giswil","RIS Zentralschweiz"
1404,"Kerns","RIS Zentralschweiz"
1405,"Lungern","RIS Zentralschweiz"
1406,"Sachseln","RIS Zentralschweiz"
1407,"Sarnen","RIS Zentralschweiz"
1501,"Beckenried","RIS Zentralschweiz"
1502,"Buochs","RIS Zentralschweiz"
1503,"Dallenwil","RIS Zentralschweiz"
1504,"Emmetten","RIS Zentralschweiz"
1505,"Ennetbürgen","RIS Zentralschweiz"
1506,"Ennetmoos","RIS Zentralschweiz"
1507,"Hergiswil (NW)","RIS Zentralschweiz"
1508,"Oberdorf (NW)","RIS Zentralschweiz"
1509,"Stans","RIS Zentralschweiz"
1510,"Stansstad","RIS Zentralschweiz"
1511,"Wolfenschiessen","RIS Zentralschweiz"
1630,"Glarus Nord","RIS Ostschweiz"
1631,"Glarus Süd","RIS Ostschweiz"
1632,"Glarus","RIS Ostschweiz"
1701,"Baar","RIS Zentralschweiz"
1702,"Cham","RIS Zentralschweiz"
1703,"Hünenberg","RIS Zentralschweiz"
1704,"Menzingen","RIS Zentralschweiz"
1705,"Neuheim","RIS Zentralschweiz"
1706,"Oberägeri","RIS Zentralschweiz"
1707,"Risch","RIS Zentralschweiz"
1708,"Steinhausen","RIS Zentralschweiz"
1709,"Unterägeri","RIS Zentralschweiz"
1710,"Walchwil","RIS Zentralschweiz"
1711,"Zug","RIS Zentralschweiz"
2008,"Châtillon (FR)","RIS Suisse occidentale"
2011,"Cugy (FR)","RIS Suisse occidentale"
2016,"Fétigny","RIS Suisse occidentale"
2022,"Gletterens","RIS Suisse occidentale"
2025,"Lully (FR)","RIS Suisse occidentale"
2027,"Ménières","RIS Suisse occidentale"
2029,"Montagny (FR)","RIS Suisse occidentale"
2035,"Nuvilly","RIS Suisse occidentale"
2038,"Prévondavaux","RIS Suisse occidentale"
2041,"Saint-Aubin (FR)","RIS Suisse occidentale"
2043,"Sévaz","RIS Suisse occidentale"
2044,"Surpierre","RIS Suisse occidentale"
2045,"Vallon","RIS Suisse occidentale"
2050,"Les Montets","RIS Suisse occidentale"
2051,"Delley-Portalban","RIS Suisse occidentale"
2053,"Belmont-Broye","RIS Suisse occidentale"
2054,"Estavayer","RIS Suisse occidentale"
2055,"Cheyres-Châbles","RIS Suisse occidentale"
2061,"Auboranges","RIS Suisse occidentale"
2063,"Billens-Hennens","RIS Suisse occidentale"
2066,"Chapelle (Glâne)","RIS Suisse occidentale"
2067,"Le Châtelard","RIS Suisse occidentale"
2068,"Châtonnaye","RIS Suisse occidentale"
2072,"Ecublens (FR)","RIS Suisse occidentale"
2079,"Grangettes","RIS Suisse occidentale"
2086,"Massonnens","RIS Suisse occidentale"
2087,"Mézières (FR)","RIS Suisse occidentale"
2089,"Montet (Glâne)","RIS Suisse occidentale"
2096,"Romont (FR)","RIS Suisse occidentale"
2097,"Rue","RIS Suisse occidentale"
2099,"Siviriez","RIS Suisse occidentale"
2102,"Ursy","RIS Suisse occidentale"
2113,"Vuisternens-devant-Romont","RIS Suisse occidentale"
2114,"Villorsonnens","RIS Suisse occidentale"
2115,"Torny","RIS Suisse occidentale"
2117,"Villaz","RIS Suisse occidentale"
2121,"Haut-Intyamon","RIS Suisse occidentale"
2122,"Pont-en-Ogoz","RIS Suisse occidentale"
2123,"Botterens","RIS Suisse occidentale"
2124,"Broc","RIS Suisse occidentale"
2125,"Bulle","RIS Suisse occidentale"
2128,"Châtel-sur-Montsalvens","RIS Suisse occidentale"
2129,"Corbières","RIS Suisse occidentale"
2130,"Crésuz","RIS Suisse occidentale"
2131,"Echarlens","RIS Suisse occidentale"
2134,"Grandvillard","RIS Suisse occidentale"
2135,"Gruyères","RIS Suisse occidentale"
2137,"Hauteville","RIS Suisse occidentale"
2138,"Jaun","RIS Suisse occidentale"
2140,"Marsens","RIS Suisse occidentale"
2143,"Morlon","RIS Suisse occidentale"
2145,"Le Pâquier (FR)","RIS Suisse occidentale"
2147,"Pont-la-Ville","RIS Suisse occidentale"
2148,"Riaz","RIS Suisse occidentale"
2149,"La Roche","RIS Suisse occidentale"
2152,"Sâles","RIS Suisse occidentale"
2153,"Sorens","RIS Suisse occidentale"
2155,"Vaulruz","RIS Suisse occidentale"
2160,"Vuadens","RIS Suisse occidentale"
2162,"Bas-Intyamon","RIS Suisse occidentale"
2163,"Val-de-Charmey","RIS Suisse occidentale"
2173,"Autigny","RIS Suisse occidentale"
2174,"Avry","RIS Suisse occidentale"
2175,"Belfaux","RIS Suisse occidentale"
2177,"Chénens","RIS Suisse occidentale"
2183,"Corminboeuf","RIS Suisse occidentale"
2186,"Cottens (FR)","RIS Suisse occidentale"
2194,"Ferpicloz","RIS Suisse occidentale"
2196,"Fribourg","RIS Suisse occidentale"
2197,"Givisiez","RIS Suisse occidentale"
2198,"Granges-Paccot","RIS Suisse occidentale"
2200,"Grolley","RIS Suisse occidentale"
2206,"Marly","RIS Suisse occidentale"
2208,"Matran","RIS Suisse occidentale"
2211,"Neyruz (FR)","RIS Suisse occidentale"
2216,"Pierrafortscha","RIS Suisse occidentale"
2217,"Ponthaux","RIS Suisse occidentale"
2220,"Le Mouret","RIS Suisse occidentale"
2226,"Treyvaux","RIS Suisse occidentale"
2228,"Villars-sur-Glâne","RIS Suisse occidentale"
2230,"Villarsel-sur-Marly","RIS Suisse occidentale"
2233,"Hauterive (FR)","RIS Suisse occidentale"
2234,"La Brillaz","RIS Suisse occidentale"
2235,"La Sonnaz","RIS Suisse occidentale"
2236,"Gibloux","RIS Suisse occidentale"
2237,"Prez","RIS Suisse occidentale"
2238,"Bois-d'Amont","RIS Suisse occidentale"
2250,"Courgevaux","RIS Suisse occidentale"
2254,"Courtepin","RIS Suisse occidentale"
2257,"Cressier (FR)","RIS Suisse occidentale"
2258,"Fräschels","RIS Suisse occidentale"
2261,"Greng","RIS Suisse occidentale"
2262,"Gurmels","RIS Suisse occidentale"
2265,"Kerzers","RIS Suisse occidentale"
2266,"Kleinbösingen","RIS Suisse occidentale"
2271,"Meyriez","RIS Suisse occidentale"
2272,"Misery-Courtion","RIS Suisse occidentale"
2274,"Muntelier","RIS Suisse occidentale"
2275,"Murten","RIS Suisse occidentale"
2276,"Ried bei Kerzers","RIS Suisse occidentale"
2278,"Ulmiz","RIS Suisse occidentale"
2284,"Mont-Vully","RIS Suisse occidentale"
2292,"Brünisried","RIS Suisse occidentale"
2293,"Düdingen","RIS Suisse occidentale"
2294,"Giffers","RIS Suisse occidentale"
2295,"Bösingen","RIS Suisse occidentale"
2296,"Heitenried","RIS Suisse occidentale"
2299,"Plaffeien","RIS Suisse occidentale"
2300,"Plasselb","RIS Suisse occidentale"
2301,"Rechthalten","RIS Suisse occidentale"
2303,"St. Silvester","RIS Suisse occidentale"
2304,"St. Ursen","RIS Suisse occidentale"
2305,"Schmitten (FR)","RIS Suisse occidentale"
2306,"Tafers","RIS Suisse occidentale"
2307,"Tentlingen","RIS Suisse occidentale"
2308,"Ueberstorf","RIS Suisse occidentale"
2309,"Wünnewil-Flamatt","RIS Suisse occidentale"
2321,"Attalens","RIS Suisse occidentale"
2323,"Bossonnens","RIS Suisse occidentale"
2325,"Châtel-Saint-Denis","RIS Suisse occidentale"
2328,"Granges (Veveyse)","RIS Suisse occidentale"
2333,"Remaufens","RIS Suisse occidentale"
2335,"Saint-Martin (FR)","RIS Suisse occidentale"
2336,"Semsales","RIS Suisse occidentale"
2337,"Le Flon","RIS Suisse occidentale"
2338,"La Verrerie","RIS Suisse occidentale"
2391,"Staatswald Galm","RIS Suisse occidentale"
2471,"Bättwil","RIS Basel-Jura"
2472,"Büren (SO)","RIS Basel-Jura"
2473,"Dornach","RIS Basel-Jura"
2474,"Gempen","RIS Basel-Jura"
2475,"Hochwald","RIS Basel-Jura"
2476,"Hofstetten-Flüh","RIS Basel-Jura"
2477,"Metzerlen-Mariastein","RIS Basel-Jura"
2478,"Nuglar-St. Pantaleon","RIS Basel-Jura"
2479,"Rodersdorf","RIS Basel-Jura"
2480,"Seewen","RIS Basel-Jura"
2481,"Witterswil","RIS Basel-Jura"
2611,"Bärschwil","RIS Basel-Jura"
2612,"Beinwil (SO)","RIS Basel-Jura"
2613,"Breitenbach","RIS Basel-Jura"
2614,"Büsserach","RIS Basel-Jura"
2615,"Erschwil","RIS Basel-Jura"
2616,"Fehren","RIS Basel-Jura"
2617,"Grindel","RIS Basel-Jura"
2618,"Himmelried","RIS Basel-Jura"
2619,"Kleinlützel","RIS Basel-Jura"
2620,"Meltingen","RIS Basel-Jura"
2621,"Nunningen","RIS Basel-Jura"
2622,"Zullwil","RIS Basel-Jura"
2701,"Basel","RIS Basel-Jura"
2702,"Bettingen","RIS Basel-Jura"
2703,"Riehen","RIS Basel-Jura"
2761,"Aesch (BL)","RIS Basel-Jura"
2762,"Allschwil","RIS Basel-Jura"
2763,"Arlesheim","RIS Basel-Jura"
2764,"Biel-Benken","RIS Basel-Jura"
2765,"Binningen","RIS Basel-Jura"
2766,"Birsfelden","RIS Basel-Jura"
2767,"Bottmingen","RIS Basel-Jura"
2768,"Ettingen","RIS Basel-Jura"
2769,"Münchenstein","RIS Basel-Jura"
2770,"Muttenz","RIS Basel-Jura"
2771,"Oberwil (BL)","RIS Basel-Jura"
2772,"Pfeffingen","RIS Basel-Jura"
2773,"Reinach (BL)","RIS Basel-Jura"
2774,"Schönenbuch","RIS Basel-Jura"
2775,"Therwil","RIS Basel-Jura"
2781,"Blauen","RIS Basel-Jura"
2782,"Brislach","RIS Basel-Jura"
2783,"Burg im Leimental","RIS Basel-Jura"
2784,"Dittingen","RIS Basel-Jura"
2785,"Duggingen","RIS Basel-Jura"
2786,"Grellingen","RIS Basel-Jura"
2787,"Laufen","RIS Basel-Jura"
2788,"Liesberg","RIS Basel-Jura"
2789,"Nenzlingen","RIS Basel-Jura"
2790,"Roggenburg","RIS Basel-Jura"
2791,"Röschenz","RIS Basel-Jura"
2792,"Wahlen","RIS Basel-Jura"
2793,"Zwingen","RIS Basel-Jura"
2821,"Arisdorf","RIS Basel-Jura"
2822,"Augst","RIS Basel-Jura"
2823,"Bubendorf","RIS Basel-Jura"
2824,"Frenkendorf","RIS Basel-Jura"
2825,"Füllinsdorf","RIS Basel-Jura"
2826,"Giebenach","RIS Basel-Jura"
2827,"Hersberg","RIS Basel-Jura"
2828,"Lausen","RIS Basel-Jura"
2829,"Liestal","RIS Basel-Jura"
2830,"Lupsingen","RIS Basel-Jura"
2831,"Pratteln","RIS Basel-Jura"
2832,"Ramlinsburg","RIS Basel-Jura"
2833,"Seltisberg","RIS Basel-Jura"
2834,"Ziefen","RIS Basel-Jura"
2841,"Anwil","RIS Basel-Jura"
2842,"Böckten","RIS Basel-Jura"
2843,"Buckten","RIS Basel-Jura"
2844,"Buus","RIS Basel-Jura"
2845,"Diepflingen","RIS Basel-Jura"
2846,"Gelterkinden","RIS Basel-Jura"
2847,"Häfelfingen","RIS Basel-Jura"
2848,"Hemmiken","RIS Basel-Jura"
2849,"Itingen","RIS Basel-Jura"
2850,"Känerkinden","RIS Basel-Jura"
2851,"Kilchberg (BL)","RIS Basel-Jura"
2852,"Läufelfingen","RIS Basel-Jura"
2853,"Maisprach","RIS Basel-Jura"
2854,"Nusshof","RIS Basel-Jura"
2855,"Oltingen","RIS Basel-Jura"
2856,"Ormalingen","RIS Basel-Jura"
2857,"Rickenbach (BL)","RIS Basel-Jura"
2858,"Rothenfluh","RIS Basel-Jura"
2859,"Rümlingen","RIS Basel-Jura"
2860,"Rünenberg","RIS Basel-Jura"
2861,"Sissach","RIS Basel-Jura"
2862,"Tecknau","RIS Basel-Jura"
2863,"Tenniken","RIS Basel-Jura"
2864,"Thürnen","RIS Basel-Jura"
2865,"Wenslingen","RIS Basel-Jura"
2866,"Wintersingen","RIS Basel-Jura"
2867,"Wittinsburg","RIS Basel-Jura"
2868,"Zeglingen","RIS Basel-Jura"
2869,"Zunzgen","RIS Basel-Jura"
2881,"Arboldswil","RIS Basel-Jura"
2882,"Bennwil","RIS Basel-Jura"
2883,"Bretzwil","RIS Basel-Jura"
2884,"Diegten","RIS Basel-Jura"
2885,"Eptingen","RIS Basel-Jura"
2886,"Hölstein","RIS Basel-Jura"
2887,"Lampenberg","RIS Basel-Jura"
2888,"Langenbruck","RIS Basel-Jura"
2889,"Lauwil","RIS Basel-Jura"
2890,"Liedertswil","RIS Basel-Jura"
2891,"Niederdorf","RIS Basel-Jura"
2892,"Oberdorf (BL)","RIS Basel-Jura"
2893,"Reigoldswil","RIS Basel-Jura"
2894,"Titterten","RIS Basel-Jura"
2895,"Waldenburg","RIS Basel-Jura"
2901,"Gächlingen","RIS Ostschweiz"
2903,"Löhningen","RIS Ostschweiz"
2904,"Neunkirch","RIS Ostschweiz"
2914,"Büttenhardt","RIS Ostschweiz"
2915,"Dörflingen","RIS Ostschweiz"
2917,"Lohn (SH)","RIS Ostschweiz"
2919,"Stetten (SH)","RIS Ostschweiz"
2920,"Thayngen","RIS Ostschweiz"
2931,"Bargen (SH)","RIS Ostschweiz"
2932,"Beringen","RIS Ostschweiz"
2933,"Buchberg","RIS Ostschweiz"
2936,"Merishausen","RIS Ostschweiz"
2937,"Neuhausen am Rheinfall","RIS Ostschweiz"
2938,"Rüdlingen","RIS Ostschweiz"
2939,"Schaffhausen","RIS Ostschweiz"
2951,"Beggingen","RIS Ostschweiz"
2952,"Schleitheim","RIS Ostschweiz"
2953,"Siblingen","RIS Ostschweiz"
2961,"Buch (SH)","RIS Ostschweiz"
2962,"Hemishofen","RIS Ostschweiz"
2963,"Ramsen","RIS Ostschweiz"
2964,"Stein am Rhein","RIS Ostschweiz"
2971,"Hallau","RIS Ostschweiz"
2972,"Oberhallau","RIS Ostschweiz"
2973,"Trasadingen","RIS Ostschweiz"
2974,"Wilchingen","RIS Ostschweiz"
3001,"Herisau","RIS Ostschweiz"
3002,"Hundwil","RIS Ostschweiz"
3003,"Schönengrund","RIS Ostschweiz"
3004,"Schwellbrunn","RIS Ostschweiz"
3005,"Stein (AR)","RIS Ostschweiz"
3006,"Urnäsch","RIS Ostschweiz"
3007,"Waldstatt","RIS Ostschweiz"
3021,"Bühler","RIS Ostschweiz"
3022,"Gais","RIS Ostschweiz"
3023,"Speicher","RIS Ostschweiz"
3024,"Teufen (AR)","RIS Ostschweiz"
3025,"Trogen","RIS Ostschweiz"
3031,"Grub (AR)","RIS Ostschweiz"
3032,"Heiden","RIS Ostschweiz"
3033,"Lutzenberg","RIS Ostschweiz"
3034,"Rehetobel","RIS Ostschweiz"
3035,"Reute (AR)","RIS Ostschweiz"
3036,"Wald (AR)","RIS Ostschweiz"
3037,"Walzenhausen","RIS Ostschweiz"
3038,"Wolfhalden","RIS Ostschweiz"
3101,"Appenzell","RIS Ostschweiz"
3102,"Gonten","RIS Ostschweiz"
3103,"Rüte","RIS Ostschweiz"
3104,"Schlatt-Haslen","RIS Ostschweiz"
3105,"Schwende","RIS Ostschweiz"
3111,"Oberegg","RIS Ostschweiz"
3201,"Häggenschwil","RIS Ostschweiz"
3202,"Muolen","RIS Ostschweiz"
3203,"St. Gallen","RIS Ostschweiz"
3204,"Wittenbach","RIS Ostschweiz"
3211,"Berg (SG)","RIS Ostschweiz"
3212,"Eggersriet","RIS Ostschweiz"
3213,"Goldach","RIS Ostschweiz"
3214,"Mörschwil","RIS Ostschweiz"
3215,"Rorschach","RIS Ostschweiz"
3216,"Rorschacherberg","RIS Ostschweiz"
3217,"Steinach","RIS Ostschweiz"
3218,"Tübach","RIS Ostschweiz"
3219,"Untereggen","RIS Ostschweiz"
3231,"Au (SG)","RIS Ostschweiz"
3232,"Balgach","RIS Ostschweiz"
3233,"Berneck","RIS Ostschweiz"
3234,"Diepoldsau","RIS Ostschweiz"
3235,"Rheineck","RIS Ostschweiz"
3236,"St. Margrethen","RIS Ostschweiz"
3237,"Thal","RIS Ostschweiz"
3238,"Widnau","RIS Ostschweiz"
3251,"Altstätten","RIS Ostschweiz"
3252,"Eichberg","RIS Ostschweiz"
3253,"Marbach (SG)","RIS Ostschweiz"
3254,"Oberriet (SG)","RIS Ostschweiz"
3255,"Rebstein","RIS Ostschweiz"
3256,"Rüthi (SG)","RIS Ostschweiz"
3271,"Buchs (SG)","RIS Ostschweiz"
3272,"Gams","RIS Ostschweiz"
3273,"Grabs","RIS Ostschweiz"
3274,"Sennwald","RIS Ostschweiz"
3275,"Sevelen","RIS Ostschweiz"
3276,"Wartau","RIS Ostschweiz"
3291,"Bad Ragaz","RIS Ostschweiz"
3292,"Flums","RIS Ostschweiz"
3293,"Mels","RIS Ostschweiz"
3294,"Pfäfers","RIS Ostschweiz"
3295,"Quarten","RIS Ostschweiz"
3296,"Sargans","RIS Ostschweiz"
3297,"Vilters-Wangs","RIS Ostschweiz"
3298,"Walenstadt","RIS Ostschweiz"
3311,"Amden","RIS Ostschweiz"
3312,"Benken (SG)","RIS Ostschweiz"
3313,"Kaltbrunn","RIS Ostschweiz"
3315,"Schänis","RIS Ostschweiz"
3316,"Weesen","RIS Ostschweiz"
3338,"Schmerikon","RIS Ostschweiz"
3339,"Uznach","RIS Ostschweiz"
3340,"Rapperswil-Jona","RIS Ostschweiz"
3341,"Gommiswald","RIS Ostschweiz"
3342,"Eschenbach (SG)","RIS Ostschweiz"
3352,"Ebnat-Kappel","RIS Ostschweiz"
3359,"Wildhaus-Alt St. Johann","RIS Ostschweiz"
3360,"Nesslau","RIS Ostschweiz"
3372,"Hemberg","RIS Ostschweiz"
3374,"Lichtensteig","RIS Ostschweiz"
3375,"Oberhelfenschwil","RIS Ostschweiz"
3378,"Neckertal","RIS Ostschweiz"
3379,"Wattwil","RIS Ostschweiz"
3392,"Kirchberg (SG)","RIS Ostschweiz"
3393,"Lütisburg","RIS Ostschweiz"
3394,"Mosnang","RIS Ostschweiz"
3395,"Bütschwil-Ganterschwil","RIS Ostschweiz"
3401,"Degersheim","RIS Ostschweiz"
3402,"Flawil","RIS Ostschweiz"
3405,"Jonschwil","RIS Ostschweiz"
3407,"Oberuzwil","RIS Ostschweiz"
3408,"Uzwil","RIS Ostschweiz"
3422,"Niederbüren","RIS Ostschweiz"
3423,"Niederhelfenschwil","RIS Ostschweiz"
3424,"Oberbüren","RIS Ostschweiz"
3426,"Zuzwil (SG)","RIS Ostschweiz"
3427,"Wil (SG)","RIS Ostschweiz"
3441,"Andwil (SG)","RIS Ostschweiz"
3442,"Gaiserwald","RIS Ostschweiz"
3443,"Gossau (SG)","RIS Ostschweiz"
3444,"Waldkirch","RIS Ostschweiz"
3506,"Vaz/Obervaz","RIS Ostschweiz"
3513,"Lantsch/Lenz","RIS Ostschweiz"
3514,"Schmitten (GR)","RIS Ostschweiz"
3542,"Albula/Alvra","RIS Ostschweiz"
3543,"Surses","RIS Ostschweiz"
3544,"Bergün Filisur","RIS Ostschweiz"
3551,"Brusio","RIS Ostschweiz"
3561,"Poschiavo","RIS Ostschweiz"
3572,"Falera","RIS Ostschweiz"
3575,"Laax","RIS Ostschweiz"
3581,"Sagogn","RIS Ostschweiz"
3582,"Schluein","RIS Ostschweiz"
3603,"Vals","RIS Ostschweiz"
3618,"Lumnezia","RIS Ostschweiz"
3619,"Ilanz/Glion","RIS Ostschweiz"
3633,"Fürstenau","RIS Ostschweiz"
3637,"Rothenbrunnen","RIS Ostschweiz"
3638,"Scharans","RIS Ostschweiz"
3640,"Sils im Domleschg","RIS Ostschweiz"
3661,"Cazis","RIS Ostschweiz"
3662,"Flerden","RIS Ostschweiz"
3663,"Masein","RIS Ostschweiz"
3668,"Thusis","RIS Ostschweiz"
3669,"Tschappina","RIS Ostschweiz"
3670,"Urmein","RIS Ostschweiz"
3672,"Safiental","RIS Ostschweiz"
3673,"Domleschg","RIS Ostschweiz"
3681,"Avers","RIS Ostschweiz"
3695,"Sufers","RIS Ostschweiz"
3701,"Andeer","RIS Ostschweiz"
3711,"Rongellen","RIS Ostschweiz"
3712,"Zillis-Reischen","RIS Ostschweiz"
3713,"Ferrera","RIS Ostschweiz"
3714,"Rheinwald","RIS Ostschweiz"
3715,"Muntogna da Schons","RIS Ostschweiz"
3721,"Bonaduz","RIS Ostschweiz"
3722,"Domat/Ems","RIS Ostschweiz"
3723,"Rhäzüns","RIS Ostschweiz"
3731,"Felsberg","RIS Ostschweiz"
3732,"Flims","RIS Ostschweiz"
3733,"Tamins","RIS Ostschweiz"
3734,"Trin","RIS Ostschweiz"
3746,"Zernez","RIS Ostschweiz"
3752,"Samnaun","RIS Ostschweiz"
3762,"Scuol","RIS Ostschweiz"
3764,"Valsot","RIS Ostschweiz"
3781,"Bever","RIS Ostschweiz"
3782,"Celerina/Schlarigna","RIS Ostschweiz"
3783,"Madulain","RIS Ostschweiz"
3784,"Pontresina","RIS Ostschweiz"
3785,"La Punt Chamues-ch","RIS Ostschweiz"
3786,"Samedan","RIS Ostschweiz"
3787,"St. Moritz","RIS Ostschweiz"
3788,"S-chanf","RIS Ostschweiz"
3789,"Sils im Engadin/Segl","RIS Ostschweiz"
3790,"Silvaplana","RIS Ostschweiz"
3791,"Zuoz","RIS Ostschweiz"
3792,"Bregaglia","RIS Ostschweiz"
3804,"Buseno","RIS Sud"
3804,"Buseno","RIS Ostschweiz"
3805,"Castaneda","RIS Sud"
3805,"Castaneda","RIS Ostschweiz"
3808,"Rossa","RIS Sud"
3808,"Rossa","RIS Ostschweiz"
3810,"Santa Maria in Calanca","RIS Sud"
3810,"Santa Maria in Calanca","RIS Ostschweiz"
3821,"Lostallo","RIS Sud"
3821,"Lostallo","RIS Ostschweiz"
3822,"Mesocco","RIS Sud"
3822,"Mesocco","RIS Ostschweiz"
3823,"Soazza","RIS Sud"
3823,"Soazza","RIS Ostschweiz"
3831,"Cama","RIS Sud"
3831,"Cama","RIS Ostschweiz"
3832,"Grono","RIS Sud"
3832,"Grono","RIS Ostschweiz"
3834,"Roveredo (GR)","RIS Sud"
3834,"Roveredo (GR)","RIS Ostschweiz"
3835,"San Vittore","RIS Sud"
3835,"San Vittore","RIS Ostschweiz"
3837,"Calanca","RIS Sud"
3837,"Calanca","RIS Ostschweiz"
3847,"Val Müstair","RIS Ostschweiz"
3851,"Davos","RIS Ostschweiz"
3861,"Fideris","RIS Ostschweiz"
3862,"Furna","RIS Ostschweiz"
3863,"Jenaz","RIS Ostschweiz"
3871,"Klosters","RIS Ostschweiz"
3881,"Conters im Prättigau","RIS Ostschweiz"
3882,"Küblis","RIS Ostschweiz"
3891,"Luzein","RIS Ostschweiz"
3901,"Chur","RIS Ostschweiz"
3911,"Churwalden","RIS Ostschweiz"
3921,"Arosa","RIS Ostschweiz"
3932,"Tschiertschen-Praden","RIS Ostschweiz"
3945,"Trimmis","RIS Ostschweiz"
3946,"Untervaz","RIS Ostschweiz"
3947,"Zizers","RIS Ostschweiz"
3951,"Fläsch","RIS Ostschweiz"
3952,"Jenins","RIS Ostschweiz"
3953,"Maienfeld","RIS Ostschweiz"
3954,"Malans","RIS Ostschweiz"
3955,"Landquart","RIS Ostschweiz"
3961,"Grüsch","RIS Ostschweiz"
3962,"Schiers","RIS Ostschweiz"
3972,"Seewis im Prättigau","RIS Ostschweiz"
3981,"Breil/Brigels","RIS Ostschweiz"
3982,"Disentis/Mustér","RIS Ostschweiz"
3983,"Medel (Lucmagn)","RIS Ostschweiz"
3985,"Sumvitg","RIS Ostschweiz"
3986,"Tujetsch","RIS Ostschweiz"
3987,"Trun","RIS Ostschweiz"
3988,"Obersaxen Mundaun","RIS Ostschweiz"
4401,"Arbon","RIS Ostschweiz"
4406,"Dozwil","RIS Ostschweiz"
4411,"Egnach","RIS Ostschweiz"
4416,"Hefenhofen","RIS Ostschweiz"
4421,"Horn","RIS Ostschweiz"
4426,"Kesswil","RIS Ostschweiz"
4431,"Roggwil (TG)","RIS Ostschweiz"
4436,"Romanshorn","RIS Ostschweiz"
4441,"Salmsach","RIS Ostschweiz"
4446,"Sommeri","RIS Ostschweiz"
4451,"Uttwil","RIS Ostschweiz"
4461,"Amriswil","RIS Ostschweiz"
4471,"Bischofszell","RIS Ostschweiz"
4476,"Erlen","RIS Ostschweiz"
4486,"Hauptwil-Gottshaus","RIS Ostschweiz"
4495,"Hohentannen","RIS Ostschweiz"
4501,"Kradolf-Schönenberg","RIS Ostschweiz"
4506,"Sulgen","RIS Ostschweiz"
4511,"Zihlschlacht-Sitterdorf","RIS Ostschweiz"
4536,"Basadingen-Schlattingen","RIS Ostschweiz"
4545,"Diessenhofen","RIS Ostschweiz"
4546,"Schlatt (TG)","RIS Ostschweiz"
4551,"Aadorf","RIS Ostschweiz"
4561,"Felben-Wellhausen","RIS Ostschweiz"
4566,"Frauenfeld","RIS Ostschweiz"
4571,"Gachnang","RIS Ostschweiz"
4590,"Hüttlingen","RIS Ostschweiz"
4591,"Matzingen","RIS Ostschweiz"
4601,"Neunforn","RIS Ostschweiz"
4606,"Stettfurt","RIS Ostschweiz"
4611,"Thundorf","RIS Ostschweiz"
4616,"Uesslingen-Buch","RIS Ostschweiz"
4621,"Warth-Weiningen","RIS Ostschweiz"
4641,"Altnau","RIS Ostschweiz"
4643,"Bottighofen","RIS Ostschweiz"
4646,"Ermatingen","RIS Ostschweiz"
4651,"Gottlieben","RIS Ostschweiz"
4656,"Güttingen","RIS Ostschweiz"
4666,"Kemmental","RIS Ostschweiz"
4671,"Kreuzlingen","RIS Ostschweiz"
4681,"Langrickenbach","RIS Ostschweiz"
4683,"Lengwil","RIS Ostschweiz"
4691,"Münsterlingen","RIS Ostschweiz"
4696,"Tägerwilen","RIS Ostschweiz"
4701,"Wäldi","RIS Ostschweiz"
4711,"Affeltrangen","RIS Ostschweiz"
4716,"Bettwiesen","RIS Ostschweiz"
4721,"Bichelsee-Balterswil","RIS Ostschweiz"
4723,"Braunau","RIS Ostschweiz"
4724,"Eschlikon","RIS Ostschweiz"
4726,"Fischingen","RIS Ostschweiz"
4741,"Lommis","RIS Ostschweiz"
4746,"Münchwilen (TG)","RIS Ostschweiz"
4751,"Rickenbach (TG)","RIS Ostschweiz"
4756,"Schönholzerswilen","RIS Ostschweiz"
4761,"Sirnach","RIS Ostschweiz"
4776,"Tobel-Tägerschen","RIS Ostschweiz"
4781,"Wängi","RIS Ostschweiz"
4786,"Wilen (TG)","RIS Ostschweiz"
4791,"Wuppenau","RIS Ostschweiz"
4801,"Berlingen","RIS Ostschweiz"
4806,"Eschenz","RIS Ostschweiz"
4811,"Herdern","RIS Ostschweiz"
4816,"Homburg","RIS Ostschweiz"
4821,"Hüttwilen","RIS Ostschweiz"
4826,"Mammern","RIS Ostschweiz"
4831,"Müllheim","RIS Ostschweiz"
4841,"Pfyn","RIS Ostschweiz"
4846,"Raperswilen","RIS Ostschweiz"
4851,"Salenstein","RIS Ostschweiz"
4864,"Steckborn","RIS Ostschweiz"
4871,"Wagenhausen","RIS Ostschweiz"
4881,"Amlikon-Bissegg","RIS Ostschweiz"
4891,"Berg (TG)","RIS Ostschweiz"
4901,"Birwinken","RIS Ostschweiz"
4911,"Bürglen (TG)","RIS Ostschweiz"
4921,"Bussnang","RIS Ostschweiz"
4941,"Märstetten","RIS Ostschweiz"
4946,"Weinfelden","RIS Ostschweiz"
4951,"Wigoltingen","RIS Ostschweiz"
5001,"Arbedo-Castione","RIS Sud"
5002,"Bellinzona","RIS Sud"
5003,"Cadenazzo","RIS Sud"
5009,"Isone","RIS Sud"
5010,"Lumino","RIS Sud"
5017,"Sant'Antonino","RIS Sud"
5048,"Acquarossa","RIS Sud"
5049,"Blenio","RIS Sud"
5050,"Serravalle","RIS Sud"
5061,"Airolo","RIS Sud"
5063,"Bedretto","RIS Sud"
5064,"Bodio","RIS Sud"
5071,"Dalpe","RIS Sud"
5072,"Faido","RIS Sud"
5073,"Giornico","RIS Sud"
5076,"Personico","RIS Sud"
5077,"Pollegio","RIS Sud"
5078,"Prato (Leventina)","RIS Sud"
5079,"Quinto","RIS Sud"
5091,"Ascona","RIS Sud"
5096,"Brione sopra Minusio","RIS Sud"
5097,"Brissago","RIS Sud"
5108,"Gordola","RIS Sud"
5112,"Lavertezzo","RIS Sud"
5113,"Locarno","RIS Sud"
5115,"Losone","RIS Sud"
5117,"Mergoscia","RIS Sud"
5118,"Minusio","RIS Sud"
5120,"Muralto","RIS Sud"
5121,"Orselina","RIS Sud"
5125,"Ronco sopra Ascona","RIS Sud"
5131,"Tenero-Contra","RIS Sud"
5136,"Onsernone","RIS Sud"
5138,"Cugnasco-Gerra","RIS Sud"
5141,"Agno","RIS Sud"
5143,"Aranno","RIS Sud"
5144,"Arogno","RIS Sud"
5146,"Astano","RIS Sud"
5148,"Bedano","RIS Sud"
5149,"Bedigliora","RIS Sud"
5151,"Bioggio","RIS Sud"
5154,"Bissone","RIS Sud"
5160,"Brusino Arsizio","RIS Sud"
5161,"Cademario","RIS Sud"
5162,"Cadempino","RIS Sud"
5167,"Canobbio","RIS Sud"
5171,"Caslano","RIS Sud"
5176,"Comano","RIS Sud"
5180,"Cureglia","RIS Sud"
5181,"Curio","RIS Sud"
5186,"Grancia","RIS Sud"
5187,"Gravesano","RIS Sud"
5189,"Lamone","RIS Sud"
5192,"Lugano","RIS Sud"
5193,"Magliaso","RIS Sud"
5194,"Manno","RIS Sud"
5195,"Maroggia","RIS Sud"
5196,"Massagno","RIS Sud"
5197,"Melano","RIS Sud"
5198,"Melide","RIS Sud"
5199,"Mezzovico-Vira","RIS Sud"
5200,"Miglieglia","RIS Sud"
5203,"Morcote","RIS Sud"
5205,"Muzzano","RIS Sud"
5206,"Neggio","RIS Sud"
5207,"Novaggio","RIS Sud"
5208,"Origlio","RIS Sud"
5210,"Paradiso","RIS Sud"
5212,"Ponte Capriasca","RIS Sud"
5214,"Porza","RIS Sud"
5216,"Pura","RIS Sud"
5219,"Rovio","RIS Sud"
5221,"Savosa","RIS Sud"
5225,"Sorengo","RIS Sud"
5226,"Capriasca","RIS Sud"
5227,"Torricella-Taverne","RIS Sud"
5230,"Vernate","RIS Sud"
5231,"Vezia","RIS Sud"
5233,"Vico Morcote","RIS Sud"
5236,"Collina d'Oro","RIS Sud"
5237,"Alto Malcantone","RIS Sud"
5238,"Monteceneri","RIS Sud"
5239,"Tresa","RIS Sud"
5242,"Balerna","RIS Sud"
5249,"Castel San Pietro","RIS Sud"
5250,"Chiasso","RIS Sud"
5251,"Coldrerio","RIS Sud"
5254,"Mendrisio","RIS Sud"
5257,"Morbio Inferiore","RIS Sud"
5260,"Novazzano","RIS Sud"
5263,"Riva San Vitale","RIS Sud"
5266,"Stabio","RIS Sud"
5268,"Vacallo","RIS Sud"
5269,"Breggia","RIS Sud"
5281,"Biasca","RIS Sud"
5287,"Riviera","RIS Sud"
5304,"Bosco/Gurin","RIS Sud"
5307,"Campo (Vallemaggia)","RIS Sud"
5309,"Cerentino","RIS Sud"
5310,"Cevio","RIS Sud"
5315,"Linescio","RIS Sud"
5317,"Maggia","RIS Sud"
5323,"Lavizzara","RIS Sud"
5324,"Avegno Gordevio","RIS Sud"
5396,"Terre di Pedemonte","RIS Sud"
5397,"Centovalli","RIS Sud"
5398,"Gambarogno","RIS Sud"
5399,"Verzasca","RIS Sud"
5401,"Aigle","RIS Suisse occidentale"
5402,"Bex","RIS Suisse occidentale"
5403,"Chessel","RIS Suisse occidentale"
5404,"Corbeyrier","RIS Suisse occidentale"
5405,"Gryon","RIS Suisse occidentale"
5406,"Lavey-Morcles","RIS Suisse occidentale"
5407,"Leysin","RIS Suisse occidentale"
5408,"Noville","RIS Suisse occidentale"
5409,"Ollon","RIS Suisse occidentale"
5410,"Ormont-Dessous","RIS Suisse occidentale"
5411,"Ormont-Dessus","RIS Suisse occidentale"
5412,"Rennaz","RIS Suisse occidentale"
5413,"Roche (VD)","RIS Suisse occidentale"
5414,"Villeneuve (VD)","RIS Suisse occidentale"
5415,"Yvorne","RIS Suisse occidentale"
5422,"Aubonne","RIS Suisse occidentale"
5423,"Ballens","RIS Suisse occidentale"
5424,"Berolle","RIS Suisse occidentale"
5425,"Bière","RIS Suisse occidentale"
5426,"Bougy-Villars","RIS Suisse occidentale"
5427,"Féchy","RIS Suisse occidentale"
5428,"Gimel","RIS Suisse occidentale"
5429,"Longirod","RIS Suisse occidentale"
5430,"Marchissy","RIS Suisse occidentale"
5431,"Mollens (VD)","RIS Suisse occidentale"
5434,"Saint-George","RIS Suisse occidentale"
5435,"Saint-Livres","RIS Suisse occidentale"
5436,"Saint-Oyens","RIS Suisse occidentale"
5437,"Saubraz","RIS Suisse occidentale"
5451,"Avenches","RIS Suisse occidentale"
5456,"Cudrefin","RIS Suisse occidentale"
5458,"Faoug","RIS Suisse occidentale"
5464,"Vully-les-Lacs","RIS Suisse occidentale"
5471,"Bettens","RIS Suisse occidentale"
5472,"Bournens","RIS Suisse occidentale"
5473,"Boussens","RIS Suisse occidentale"
5474,"La Chaux (Cossonay)","RIS Suisse occidentale"
5475,"Chavannes-le-Veyron","RIS Suisse occidentale"
5476,"Chevilly","RIS Suisse occidentale"
5477,"Cossonay","RIS Suisse occidentale"
5479,"Cuarnens","RIS Suisse occidentale"
5480,"Daillens","RIS Suisse occidentale"
5481,"Dizy","RIS Suisse occidentale"
5482,"Eclépens","RIS Suisse occidentale"
5483,"Ferreyres","RIS Suisse occidentale"
5484,"Gollion","RIS Suisse occidentale"
5485,"Grancy","RIS Suisse occidentale"
5486,"L'Isle","RIS Suisse occidentale"
5487,"Lussery-Villars","RIS Suisse occidentale"
5488,"Mauraz","RIS Suisse occidentale"
5489,"Mex (VD)","RIS Suisse occidentale"
5490,"Moiry","RIS Suisse occidentale"
5491,"Mont-la-Ville","RIS Suisse occidentale"
5492,"Montricher","RIS Suisse occidentale"
5493,"Orny","RIS Suisse occidentale"
5495,"Penthalaz","RIS Suisse occidentale"
5496,"Penthaz","RIS Suisse occidentale"
5497,"Pompaples","RIS Suisse occidentale"
5498,"La Sarraz","RIS Suisse occidentale"
5499,"Senarclens","RIS Suisse occidentale"
5501,"Sullens","RIS Suisse occidentale"
5503,"Vufflens-la-Ville","RIS Suisse occidentale"
5511,"Assens","RIS Suisse occidentale"
5512,"Bercher","RIS Suisse occidentale"
5514,"Bottens","RIS Suisse occidentale"
5515,"Bretigny-sur-Morrens","RIS Suisse occidentale"
5516,"Cugy (VD)","RIS Suisse occidentale"
5518,"Echallens","RIS Suisse occidentale"
5520,"Essertines-sur-Yverdon","RIS Suisse occidentale"
5521,"Etagnières","RIS Suisse occidentale"
5522,"Fey","RIS Suisse occidentale"
5523,"Froideville","RIS Suisse occidentale"
5527,"Morrens (VD)","RIS Suisse occidentale"
5529,"Oulens-sous-Echallens","RIS Suisse occidentale"
5530,"Pailly","RIS Suisse occidentale"
5531,"Penthéréaz","RIS Suisse occidentale"
5533,"Poliez-Pittet","RIS Suisse occidentale"
5534,"Rueyres","RIS Suisse occidentale"
5535,"Saint-Barthélemy (VD)","RIS Suisse occidentale"
5537,"Villars-le-Terroir","RIS Suisse occidentale"
5539,"Vuarrens","RIS Suisse occidentale"
5540,"Montilliez","RIS Suisse occidentale"
5541,"Goumoëns","RIS Suisse occidentale"
5551,"Bonvillars","RIS Suisse occidentale"
5552,"Bullet","RIS Suisse occidentale"
5553,"Champagne","RIS Suisse occidentale"
5554,"Concise","RIS Suisse occidentale"
5555,"Corcelles-près-Concise","RIS Suisse occidentale"
5556,"Fiez","RIS Suisse occidentale"
5557,"Fontaines-sur-Grandson","RIS Suisse occidentale"
5559,"Giez","RIS Suisse occidentale"
5560,"Grandevent","RIS Suisse occidentale"
5561,"Grandson","RIS Suisse occidentale"
5562,"Mauborget","RIS Suisse occidentale"
5563,"Mutrux","RIS Suisse occidentale"
5564,"Novalles","RIS Suisse occidentale"
5565,"Onnens (VD)","RIS Suisse occidentale"
5566,"Provence","RIS Suisse occidentale"
5568,"Sainte-Croix","RIS Suisse occidentale"
5571,"Tévenon","RIS Suisse occidentale"
5581,"Belmont-sur-Lausanne","RIS Suisse occidentale"
5582,"Cheseaux-sur-Lausanne","RIS Suisse occidentale"
5583,"Crissier","RIS Suisse occidentale"
5584,"Epalinges","RIS Suisse occidentale"
5585,"Jouxtens-Mézery","RIS Suisse occidentale"
5586,"Lausanne","RIS Suisse occidentale"
5587,"Le Mont-sur-Lausanne","RIS Suisse occidentale"
5588,"Paudex","RIS Suisse occidentale"
5589,"Prilly","RIS Suisse occidentale"
5590,"Pully","RIS Suisse occidentale"
5591,"Renens (VD)","RIS Suisse occidentale"
5592,"Romanel-sur-Lausanne","RIS Suisse occidentale"
5601,"Chexbres","RIS Suisse occidentale"
5604,"Forel (Lavaux)","RIS Suisse occidentale"
5606,"Lutry","RIS Suisse occidentale"
5607,"Puidoux","RIS Suisse occidentale"
5609,"Rivaz","RIS Suisse occidentale"
5610,"Saint-Saphorin (Lavaux)","RIS Suisse occidentale"
5611,"Savigny","RIS Suisse occidentale"
5613,"Bourg-en-Lavaux","RIS Suisse occidentale"
5621,"Aclens","RIS Suisse occidentale"
5622,"Bremblens","RIS Suisse occidentale"
5623,"Buchillon","RIS Suisse occidentale"
5624,"Bussigny","RIS Suisse occidentale"
5627,"Chavannes-près-Renens","RIS Suisse occidentale"
5628,"Chigny","RIS Suisse occidentale"
5629,"Clarmont","RIS Suisse occidentale"
5631,"Denens","RIS Suisse occidentale"
5632,"Denges","RIS Suisse occidentale"
5633,"Echandens","RIS Suisse occidentale"
5634,"Echichens","RIS Suisse occidentale"
5635,"Ecublens (VD)","RIS Suisse occidentale"
5636,"Etoy","RIS Suisse occidentale"
5637,"Lavigny","RIS Suisse occidentale"
5638,"Lonay","RIS Suisse occidentale"
5639,"Lully (VD)","RIS Suisse occidentale"
5640,"Lussy-sur-Morges","RIS Suisse occidentale"
5642,"Morges","RIS Suisse occidentale"
5643,"Préverenges","RIS Suisse occidentale"
5645,"Romanel-sur-Morges","RIS Suisse occidentale"
5646,"Saint-Prex","RIS Suisse occidentale"
5648,"Saint-Sulpice (VD)","RIS Suisse occidentale"
5649,"Tolochenaz","RIS Suisse occidentale"
5650,"Vaux-sur-Morges","RIS Suisse occidentale"
5651,"Villars-Sainte-Croix","RIS Suisse occidentale"
5652,"Villars-sous-Yens","RIS Suisse occidentale"
5653,"Vufflens-le-Château","RIS Suisse occidentale"
5654,"Vullierens","RIS Suisse occidentale"
5655,"Yens","RIS Suisse occidentale"
5656,"Hautemorges","RIS Suisse occidentale"
5661,"Boulens","RIS Suisse occidentale"
5663,"Bussy-sur-Moudon","RIS Suisse occidentale"
5665,"Chavannes-sur-Moudon","RIS Suisse occidentale"
5669,"Curtilles","RIS Suisse occidentale"
5671,"Dompierre (VD)","RIS Suisse occidentale"
5673,"Hermenches","RIS Suisse occidentale"
5674,"Lovatens","RIS Suisse occidentale"
5675,"Lucens","RIS Suisse occidentale"
5678,"Moudon","RIS Suisse occidentale"
5680,"Ogens","RIS Suisse occidentale"
5683,"Prévonloup","RIS Suisse occidentale"
5684,"Rossenges","RIS Suisse occidentale"
5688,"Syens","RIS Suisse occidentale"
5690,"Villars-le-Comte","RIS Suisse occidentale"
5692,"Vucherens","RIS Suisse occidentale"
5693,"Montanaire","RIS Suisse occidentale"
5701,"Arnex-sur-Nyon","RIS Suisse occidentale"
5702,"Arzier-Le Muids","RIS Suisse occidentale"
5703,"Bassins","RIS Suisse occidentale"
5704,"Begnins","RIS Suisse occidentale"
5705,"Bogis-Bossey","RIS Suisse occidentale"
5706,"Borex","RIS Suisse occidentale"
5707,"Chavannes-de-Bogis","RIS Suisse occidentale"
5708,"Chavannes-des-Bois","RIS Suisse occidentale"
5709,"Chéserex","RIS Suisse occidentale"
5710,"Coinsins","RIS Suisse occidentale"
5711,"Commugny","RIS Suisse occidentale"
5712,"Coppet","RIS Suisse occidentale"
5713,"Crans (VD)","RIS Suisse occidentale"
5714,"Crassier","RIS Suisse occidentale"
5715,"Duillier","RIS Suisse occidentale"
5716,"Eysins","RIS Suisse occidentale"
5717,"Founex","RIS Suisse occidentale"
5718,"Genolier","RIS Suisse occidentale"
5719,"Gingins","RIS Suisse occidentale"
5720,"Givrins","RIS Suisse occidentale"
5721,"Gland","RIS Suisse occidentale"
5722,"Grens","RIS Suisse occidentale"
5723,"Mies","RIS Suisse occidentale"
5724,"Nyon","RIS Suisse occidentale"
5725,"Prangins","RIS Suisse occidentale"
5726,"La Rippe","RIS Suisse occidentale"
5727,"Saint-Cergue","RIS Suisse occidentale"
5728,"Signy-Avenex","RIS Suisse occidentale"
5729,"Tannay","RIS Suisse occidentale"
5730,"Trélex","RIS Suisse occidentale"
5731,"Le Vaud","RIS Suisse occidentale"
5732,"Vich","RIS Suisse occidentale"
5741,"L'Abergement","RIS Suisse occidentale"
5742,"Agiez","RIS Suisse occidentale"
5743,"Arnex-sur-Orbe","RIS Suisse occidentale"
5744,"Ballaigues","RIS Suisse occidentale"
5745,"Baulmes","RIS Suisse occidentale"
5746,"Bavois","RIS Suisse occidentale"
5747,"Bofflens","RIS Suisse occidentale"
5748,"Bretonnières","RIS Suisse occidentale"
5749,"Chavornay","RIS Suisse occidentale"
5750,"Les Clées","RIS Suisse occidentale"
5752,"Croy","RIS Suisse occidentale"
5754,"Juriens","RIS Suisse occidentale"
5755,"Lignerolle","RIS Suisse occidentale"
5756,"Montcherand","RIS Suisse occidentale"
5757,"Orbe","RIS Suisse occidentale"
5758,"La Praz","RIS Suisse occidentale"
5759,"Premier","RIS Suisse occidentale"
5760,"Rances","RIS Suisse occidentale"
5761,"Romainmôtier-Envy","RIS Suisse occidentale"
5762,"Sergey","RIS Suisse occidentale"
5763,"Valeyres-sous-Rances","RIS Suisse occidentale"
5764,"Vallorbe","RIS Suisse occidentale"
5765,"Vaulion","RIS Suisse occidentale"
5766,"Vuiteboeuf","RIS Suisse occidentale"
5785,"Corcelles-le-Jorat","RIS Suisse occidentale"
5790,"Maracon","RIS Suisse occidentale"
5792,"Montpreveyres","RIS Suisse occidentale"
5798,"Ropraz","RIS Suisse occidentale"
5799,"Servion","RIS Suisse occidentale"
5803,"Vulliens","RIS Suisse occidentale"
5804,"Jorat-Menthue","RIS Suisse occidentale"
5805,"Oron","RIS Suisse occidentale"
5806,"Jorat-Mézières","RIS Suisse occidentale"
5812,"Champtauroz","RIS Suisse occidentale"
5813,"Chevroux","RIS Suisse occidentale"
5816,"Corcelles-près-Payerne","RIS Suisse occidentale"
5817,"Grandcour","RIS Suisse occidentale"
5819,"Henniez","RIS Suisse occidentale"
5821,"Missy","RIS Suisse occidentale"
5822,"Payerne","RIS Suisse occidentale"
5827,"Trey","RIS Suisse occidentale"
5828,"Treytorrens (Payerne)","RIS Suisse occidentale"
5830,"Villarzel","RIS Suisse occidentale"
5831,"Valbroye","RIS Suisse occidentale"
5841,"Château-d'Oex","RIS Suisse occidentale"
5842,"Rossinière","RIS Suisse occidentale"
5843,"Rougemont","RIS Suisse occidentale"
5851,"Allaman","RIS Suisse occidentale"
5852,"Bursinel","RIS Suisse occidentale"
5853,"Bursins","RIS Suisse occidentale"
5854,"Burtigny","RIS Suisse occidentale"
5855,"Dully","RIS Suisse occidentale"
5856,"Essertines-sur-Rolle","RIS Suisse occidentale"
5857,"Gilly","RIS Suisse occidentale"
5858,"Luins","RIS Suisse occidentale"
5859,"Mont-sur-Rolle","RIS Suisse occidentale"
5860,"Perroy","RIS Suisse occidentale"
5861,"Rolle","RIS Suisse occidentale"
5862,"Tartegnin","RIS Suisse occidentale"
5863,"Vinzel","RIS Suisse occidentale"
5871,"L'Abbaye","RIS Suisse occidentale"
5872,"Le Chenit","RIS Suisse occidentale"
5873,"Le Lieu","RIS Suisse occidentale"
5882,"Chardonne","RIS Suisse occidentale"
5883,"Corseaux","RIS Suisse occidentale"
5884,"Corsier-sur-Vevey","RIS Suisse occidentale"
5885,"Jongny","RIS Suisse occidentale"
5886,"Montreux","RIS Suisse occidentale"
5889,"La Tour-de-Peilz","RIS Suisse occidentale"
5890,"Vevey","RIS Suisse occidentale"
5891,"Veytaux","RIS Suisse occidentale"
5892,"Blonay - Saint-Légier","RIS Suisse occidentale"
5902,"Belmont-sur-Yverdon","RIS Suisse occidentale"
5903,"Bioley-Magnoux","RIS Suisse occidentale"
5904,"Chamblon","RIS Suisse occidentale"
5905,"Champvent","RIS Suisse occidentale"
5907,"Chavannes-le-Chêne","RIS Suisse occidentale"
5908,"Chêne-Pâquier","RIS Suisse occidentale"
5909,"Cheseaux-Noréaz","RIS Suisse occidentale"
5910,"Cronay","RIS Suisse occidentale"
5911,"Cuarny","RIS Suisse occidentale"
5912,"Démoret","RIS Suisse occidentale"
5913,"Donneloye","RIS Suisse occidentale"
5914,"Ependes (VD)","RIS Suisse occidentale"
5919,"Mathod","RIS Suisse occidentale"
5921,"Molondin","RIS Suisse occidentale"
5922,"Montagny-près-Yverdon","RIS Suisse occidentale"
5923,"Oppens","RIS Suisse occidentale"
5924,"Orges","RIS Suisse occidentale"
5925,"Orzens","RIS Suisse occidentale"
5926,"Pomy","RIS Suisse occidentale"
5928,"Rovray","RIS Suisse occidentale"
5929,"Suchy","RIS Suisse occidentale"
5930,"Suscévaz","RIS Suisse occidentale"
5931,"Treycovagnes","RIS Suisse occidentale"
5932,"Ursins","RIS Suisse occidentale"
5933,"Valeyres-sous-Montagny","RIS Suisse occidentale"
5934,"Valeyres-sous-Ursins","RIS Suisse occidentale"
5935,"Villars-Epeney","RIS Suisse occidentale"
5937,"Vugelles-La Mothe","RIS Suisse occidentale"
5938,"Yverdon-les-Bains","RIS Suisse occidentale"
5939,"Yvonand","RIS Suisse occidentale"
6002,"Brig-Glis","RIS Suisse occidentale"
6004,"Eggerberg","RIS Suisse occidentale"
6007,"Naters","RIS Suisse occidentale"
6008,"Ried-Brig","RIS Suisse occidentale"
6009,"Simplon","RIS Suisse occidentale"
6010,"Termen","RIS Suisse occidentale"
6011,"Zwischbergen","RIS Suisse occidentale"
6021,"Ardon","RIS Suisse occidentale"
6022,"Chamoson","RIS Suisse occidentale"
6023,"Conthey","RIS Suisse occidentale"
6024,"Nendaz","RIS Suisse occidentale"
6025,"Vétroz","RIS Suisse occidentale"
6032,"Bourg-Saint-Pierre","RIS Suisse occidentale"
6033,"Liddes","RIS Suisse occidentale"
6034,"Orsières","RIS Suisse occidentale"
6035,"Sembrancher","RIS Suisse occidentale"
6037,"Val de Bagnes","RIS Suisse occidentale"
6052,"Bellwald","RIS Suisse occidentale"
6054,"Binn","RIS Suisse occidentale"
6056,"Ernen","RIS Suisse occidentale"
6057,"Fiesch","RIS Suisse occidentale"
6058,"Fieschertal","RIS Suisse occidentale"
6061,"Lax","RIS Suisse occidentale"
6076,"Obergoms","RIS Suisse occidentale"
6077,"Goms","RIS Suisse occidentale"
6082,"Ayent","RIS Suisse occidentale"
6083,"Evolène","RIS Suisse occidentale"
6084,"Hérémence","RIS Suisse occidentale"
6087,"Saint-Martin (VS)","RIS Suisse occidentale"
6089,"Vex","RIS Suisse occidentale"
6090,"Mont-Noble","RIS Suisse occidentale"
6101,"Agarn","RIS Suisse occidentale"
6102,"Albinen","RIS Suisse occidentale"
6104,"Ergisch","RIS Suisse occidentale"
6109,"Inden","RIS Suisse occidentale"
6110,"Leuk","RIS Suisse occidentale"
6111,"Leukerbad","RIS Suisse occidentale"
6112,"Oberems","RIS Suisse occidentale"
6113,"Salgesch","RIS Suisse occidentale"
6116,"Varen","RIS Suisse occidentale"
6117,"Guttet-Feschel","RIS Suisse occidentale"
6118,"Gampel-Bratsch","RIS Suisse occidentale"
6119,"Turtmann-Unterems","RIS Suisse occidentale"
6131,"Bovernier","RIS Suisse occidentale"
6133,"Fully","RIS Suisse occidentale"
6134,"Isérables","RIS Suisse occidentale"
6135,"Leytron","RIS Suisse occidentale"
6136,"Martigny","RIS Suisse occidentale"
6137,"Martigny-Combe","RIS Suisse occidentale"
6139,"Riddes","RIS Suisse occidentale"
6140,"Saillon","RIS Suisse occidentale"
6141,"Saxon","RIS Suisse occidentale"
6142,"Trient","RIS Suisse occidentale"
6151,"Champéry","RIS Suisse occidentale"
6152,"Collombey-Muraz","RIS Suisse occidentale"
6153,"Monthey","RIS Suisse occidentale"
6154,"Port-Valais","RIS Suisse occidentale"
6155,"Saint-Gingolph","RIS Suisse occidentale"
6156,"Troistorrents","RIS Suisse occidentale"
6157,"Val-d'Illiez","RIS Suisse occidentale"
6158,"Vionnaz","RIS Suisse occidentale"
6159,"Vouvry","RIS Suisse occidentale"
6172,"Bister","RIS Suisse occidentale"
6173,"Bitsch","RIS Suisse occidentale"
6177,"Grengiols","RIS Suisse occidentale"
6181,"Riederalp","RIS Suisse occidentale"
6191,"Ausserberg","RIS Suisse occidentale"
6192,"Blatten","RIS Suisse occidentale"
6193,"Bürchen","RIS Suisse occidentale"
6194,"Eischoll","RIS Suisse occidentale"
6195,"Ferden","RIS Suisse occidentale"
6197,"Kippel","RIS Suisse occidentale"
6198,"Niedergesteln","RIS Suisse occidentale"
6199,"Raron","RIS Suisse occidentale"
6201,"Unterbäch","RIS Suisse occidentale"
6202,"Wiler (Lötschen)","RIS Suisse occidentale"
6203,"Mörel-Filet","RIS Suisse occidentale"
6204,"Steg-Hohtenn","RIS Suisse occidentale"
6205,"Bettmeralp","RIS Suisse occidentale"
6211,"Collonges","RIS Suisse occidentale"
6212,"Dorénaz","RIS Suisse occidentale"
6213,"Evionnaz","RIS Suisse occidentale"
6214,"Finhaut","RIS Suisse occidentale"
6215,"Massongex","RIS Suisse occidentale"
6217,"Saint-Maurice","RIS Suisse occidentale"
6218,"Salvan","RIS Suisse occidentale"
6219,"Vernayaz","RIS Suisse occidentale"
6220,"Vérossaz","RIS Suisse occidentale"
6232,"Chalais","RIS Suisse occidentale"
6235,"Chippis","RIS Suisse occidentale"
6238,"Grône","RIS Suisse occidentale"
6239,"Icogne","RIS Suisse occidentale"
6240,"Lens","RIS Suisse occidentale"
6246,"Saint-Léonard","RIS Suisse occidentale"
6248,"Sierre","RIS Suisse occidentale"
6252,"Anniviers","RIS Suisse occidentale"
6253,"Crans-Montana","RIS Suisse occidentale"
6254,"Noble-Contrée","RIS Suisse occidentale"
6261,"Arbaz","RIS Suisse occidentale"
6263,"Grimisuat","RIS Suisse occidentale"
6265,"Savièse","RIS Suisse occidentale"
6266,"Sion","RIS Suisse occidentale"
6267,"Veysonnaz","RIS Suisse occidentale"
6281,"Baltschieder","RIS Suisse occidentale"
6282,"Eisten","RIS Suisse occidentale"
6283,"Embd","RIS Suisse occidentale"
6285,"Grächen","RIS Suisse occidentale"
6286,"Lalden","RIS Suisse occidentale"
6287,"Randa","RIS Suisse occidentale"
6288,"Saas-Almagell","RIS Suisse occidentale"
6289,"Saas-Balen","RIS Suisse occidentale"
6290,"Saas-Fee","RIS Suisse occidentale"
6291,"Saas-Grund","RIS Suisse occidentale"
6292,"St. Niklaus","RIS Suisse occidentale"
6293,"Stalden (VS)","RIS Suisse occidentale"
6294,"Staldenried","RIS Suisse occidentale"
6295,"Täsch","RIS Suisse occidentale"
6296,"Törbel","RIS Suisse occidentale"
6297,"Visp","RIS Suisse occidentale"
6298,"Visperterminen","RIS Suisse occidentale"
6299,"Zeneggen","RIS Suisse occidentale"
6300,"Zermatt","RIS Suisse occidentale"
6404,"Boudry","RIS Suisse occidentale"
6408,"Cortaillod","RIS Suisse occidentale"
6413,"Rochefort","RIS Suisse occidentale"
6416,"Milvignes","RIS Suisse occidentale"
6417,"La Grande Béroche","RIS Suisse occidentale"
6421,"La Chaux-de-Fonds","RIS Suisse occidentale"
6422,"Les Planchettes","RIS Suisse occidentale"
6423,"La Sagne","RIS Suisse occidentale"
6432,"La Brévine","RIS Suisse occidentale"
6433,"Brot-Plamboz","RIS Suisse occidentale"
6434,"Le Cerneux-Péquignot","RIS Suisse occidentale"
6435,"La Chaux-du-Milieu","RIS Suisse occidentale"
6436,"Le Locle","RIS Suisse occidentale"
6437,"Les Ponts-de-Martel","RIS Suisse occidentale"
6451,"Cornaux","RIS Suisse occidentale"
6452,"Cressier (NE)","RIS Suisse occidentale"
6453,"Enges","RIS Suisse occidentale"
6454,"Hauterive (NE)","RIS Suisse occidentale"
6455,"Le Landeron","RIS Suisse occidentale"
6456,"Lignières","RIS Suisse occidentale"
6458,"Neuchâtel","RIS Suisse occidentale"
6459,"Saint-Blaise","RIS Suisse occidentale"
6461,"La Tène","RIS Suisse occidentale"
6487,"Val-de-Ruz","RIS Suisse occidentale"
6504,"La Côte-aux-Fées","RIS Suisse occidentale"
6511,"Les Verrières","RIS Suisse occidentale"
6512,"Val-de-Travers","RIS Suisse occidentale"
6601,"Aire-la-Ville","RIS Suisse occidentale"
6602,"Anières","RIS Suisse occidentale"
6603,"Avully","RIS Suisse occidentale"
6604,"Avusy","RIS Suisse occidentale"
6605,"Bardonnex","RIS Suisse occidentale"
6606,"Bellevue","RIS Suisse occidentale"
6607,"Bernex","RIS Suisse occidentale"
6608,"Carouge (GE)","RIS Suisse occidentale"
6609,"Cartigny","RIS Suisse occidentale"
6610,"Céligny","RIS Suisse occidentale"
6611,"Chancy","RIS Suisse occidentale"
6612,"Chêne-Bougeries","RIS Suisse occidentale"
6613,"Chêne-Bourg","RIS Suisse occidentale"
6614,"Choulex","RIS Suisse occidentale"
6615,"Collex-Bossy","RIS Suisse occidentale"
6616,"Collonge-Bellerive","RIS Suisse occidentale"
6617,"Cologny","RIS Suisse occidentale"
6618,"Confignon","RIS Suisse occidentale"
6619,"Corsier (GE)","RIS Suisse occidentale"
6620,"Dardagny","RIS Suisse occidentale"
6621,"Genève","RIS Suisse occidentale"
6622,"Genthod","RIS Suisse occidentale"
6623,"Le Grand-Saconnex","RIS Suisse occidentale"
6624,"Gy","RIS Suisse occidentale"
6625,"Hermance","RIS Suisse occidentale"
6626,"Jussy","RIS Suisse occidentale"
6627,"Laconnex","RIS Suisse occidentale"
6628,"Lancy","RIS Suisse occidentale"
6629,"Meinier","RIS Suisse occidentale"
6630,"Meyrin","RIS Suisse occidentale"
6631,"Onex","RIS Suisse occidentale"
6632,"Perly-Certoux","RIS Suisse occidentale"
6633,"Plan-les-Ouates","RIS Suisse occidentale"
6634,"Pregny-Chambésy","RIS Suisse occidentale"
6635,"Presinge","RIS Suisse occidentale"
6636,"Puplinge","RIS Suisse occidentale"
6637,"Russin","RIS Suisse occidentale"
6638,"Satigny","RIS Suisse occidentale"
6639,"Soral","RIS Suisse occidentale"
6640,"Thônex","RIS Suisse occidentale"
6641,"Troinex","RIS Suisse occidentale"
6642,"Vandoeuvres","RIS Suisse occidentale"
6643,"Vernier","RIS Suisse occidentale"
6644,"Versoix","RIS Suisse occidentale"
6645,"Veyrier","RIS Suisse occidentale"
6702,"Boécourt","RIS Suisse occidentale"
6702,"Boécourt","RIS Basel-Jura"
6703,"Bourrignon","RIS Suisse occidentale"
6703,"Bourrignon","RIS Basel-Jura"
6704,"Châtillon (JU)","RIS Suisse occidentale"
6704,"Châtillon (JU)","RIS Basel-Jura"
6706,"Courchapoix","RIS Suisse occidentale"
6706,"Courchapoix","RIS Basel-Jura"
6708,"Courrendlin","RIS Suisse occidentale"
6708,"Courrendlin","RIS Basel-Jura"
6709,"Courroux","RIS Suisse occidentale"
6709,"Courroux","RIS Basel-Jura"
6710,"Courtételle","RIS Suisse occidentale"
6710,"Courtételle","RIS Basel-Jura"
6711,"Delémont","RIS Suisse occidentale"
6711,"Delémont","RIS Basel-Jura"
6712,"Develier","RIS Suisse occidentale"
6712,"Develier","RIS Basel-Jura"
6713,"Ederswiler","RIS Suisse occidentale"
6713,"Ederswiler","RIS Basel-Jura"
6715,"Mervelier","RIS Suisse occidentale"
6715,"Mervelier","RIS Basel-Jura"
6716,"Mettembert","RIS Suisse occidentale"
6716,"Mettembert","RIS Basel-Jura"
6718,"Movelier","RIS Suisse occidentale"
6718,"Movelier","RIS Basel-Jura"
6719,"Pleigne","RIS Suisse occidentale"
6719,"Pleigne","RIS Basel-Jura"
6721,"Rossemaison","RIS Suisse occidentale"
6721,"Rossemaison","RIS Basel-Jura"
6722,"Saulcy","RIS Suisse occidentale"
6722,"Saulcy","RIS Basel-Jura"
6724,"Soyhières","RIS Suisse occidentale"
6724,"Soyhières","RIS Basel-Jura"
6729,"Haute-Sorne","RIS Suisse occidentale"
6729,"Haute-Sorne","RIS Basel-Jura"
6730,"Val Terbi","RIS Suisse occidentale"
6730,"Val Terbi","RIS Basel-Jura"
6741,"Le Bémont (JU)","RIS Suisse occidentale"
6741,"Le Bémont (JU)","RIS Basel-Jura"
6742,"Les Bois","RIS Suisse occidentale"
6742,"Les Bois","RIS Basel-Jura"
6743,"Les Breuleux","RIS Suisse occidentale"
6743,"Les Breuleux","RIS Basel-Jura"
6744,"La Chaux-des-Breuleux","RIS Suisse occidentale"
6744,"La Chaux-des-Breuleux","RIS Basel-Jura"
6745,"Les Enfers","RIS Suisse occidentale"
6745,"Les Enfers","RIS Basel-Jura"
6748,"Les Genevez (JU)","RIS Suisse occidentale"
6748,"Les Genevez (JU)","RIS Basel-Jura"
6750,"Lajoux (JU)","RIS Suisse occidentale"
6750,"Lajoux (JU)","RIS Basel-Jura"
6751,"Montfaucon","RIS Suisse occidentale"
6751,"Montfaucon","RIS Basel-Jura"
6753,"Muriaux","RIS Suisse occidentale"
6753,"Muriaux","RIS Basel-Jura"
6754,"Le Noirmont","RIS Suisse occidentale"
6754,"Le Noirmont","RIS Basel-Jura"
6757,"Saignelégier","RIS Suisse occidentale"
6757,"Saignelégier","RIS Basel-Jura"
6758,"Saint-Brais","RIS Suisse occidentale"
6758,"Saint-Brais","RIS Basel-Jura"
6759,"Soubey","RIS Suisse occidentale"
6759,"Soubey","RIS Basel-Jura"
6771,"Alle","RIS Suisse occidentale"
6771,"Alle","RIS Basel-Jura"
6773,"Beurnevésin","RIS Suisse occidentale"
6773,"Beurnevésin","RIS Basel-Jura"
6774,"Boncourt","RIS Suisse occidentale"
6774,"Boncourt","RIS Basel-Jura"
6775,"Bonfol","RIS Suisse occidentale"
6775,"Bonfol","RIS Basel-Jura"
6778,"Bure","RIS Suisse occidentale"
6778,"Bure","RIS Basel-Jura"
6781,"Coeuve","RIS Suisse occidentale"
6781,"Coeuve","RIS Basel-Jura"
6782,"Cornol","RIS Suisse occidentale"
6782,"Cornol","RIS Basel-Jura"
6783,"Courchavon","RIS Suisse occidentale"
6783,"Courchavon","RIS Basel-Jura"
6784,"Courgenay","RIS Suisse occidentale"
6784,"Courgenay","RIS Basel-Jura"
6785,"Courtedoux","RIS Suisse occidentale"
6785,"Courtedoux","RIS Basel-Jura"
6787,"Damphreux","RIS Suisse occidentale"
6787,"Damphreux","RIS Basel-Jura"
6789,"Fahy","RIS Suisse occidentale"
6789,"Fahy","RIS Basel-Jura"
6790,"Fontenais","RIS Suisse occidentale"
6790,"Fontenais","RIS Basel-Jura"
6792,"Grandfontaine","RIS Suisse occidentale"
6792,"Grandfontaine","RIS Basel-Jura"
6793,"Lugnez","RIS Suisse occidentale"
6793,"Lugnez","RIS Basel-Jura"
6800,"Porrentruy","RIS Suisse occidentale"
6800,"Porrentruy","RIS Basel-Jura"
6806,"Vendlincourt","RIS Suisse occidentale"
6806,"Vendlincourt","RIS Basel-Jura"
6807,"Basse-Allaine","RIS Suisse occidentale"
6807,"Basse-Allaine","RIS Basel-Jura"
6808,"Clos du Doubs","RIS Suisse occidentale"
6808,"Clos du Doubs","RIS Basel-Jura"
6809,"Haute-Ajoie","RIS Suisse occidentale"
6809,"Haute-Ajoie","RIS Basel-Jura"
6810,"La Baroche","RIS Suisse occidentale"
6810,"La Baroche","RIS Basel-Jura"
